exposureId,outcomeId,preExpLogRr,preExpLogLb95,preExpLogUb95,passPreExposure,endOfObsRatio,endOfObsP,passEndOfObservation,timeStabRatio,timeStabP,passTimeStability,outcomeProportion,passRareOutcome,passAll
742185,10225,NA,NA,NA,TRUE,NA,NA,TRUE,NA,1,TRUE,NA,TRUE,TRUE
742185,10226,NA,NA,NA,TRUE,NA,NA,TRUE,NA,1,TRUE,NA,TRUE,TRUE
742185,10227,NA,NA,NA,TRUE,NA,NA,TRUE,NA,1,TRUE,NA,TRUE,TRUE
1338005,10228,0.7775620499936868,0.5263247815961783,1.0143136460741182,FALSE,1.644292809490415,1,TRUE,1.087434670144572,1,TRUE,0.007789014986222759,TRUE,FALSE
1338005,10229,0.6530996885907214,0.39134995682740437,0.8987662107972648,FALSE,1.875330947832203,1,TRUE,1.0874473264185827,1,TRUE,0.007804374023081081,TRUE,FALSE
1338005,10230,0.6920852218017712,0.431942360049056,0.9359242402940827,FALSE,1.764213122615297,1,TRUE,1.0873380899761298,1,TRUE,0.007864657089669148,TRUE,FALSE
915542,10231,0.6901838680329448,0.49493063509541296,0.8774694752957675,FALSE,1.3902718523719035,1,TRUE,1.1025775735430199,1,TRUE,0.007479085117036178,TRUE,FALSE
915542,10232,0.7194180764822575,0.5258761459066759,0.9050058819523088,FALSE,1.3792663970322658,1,TRUE,1.103707041120207,1,TRUE,0.007715245414131914,TRUE,FALSE
915542,10233,0.7278635102457721,0.5361752186476356,0.9114315662398657,FALSE,1.3579888405807294,1,TRUE,1.101759321282215,1,TRUE,0.008643669586405275,TRUE,FALSE
1598819,10234,0.33014163142080727,-0.5308656337316177,1.0158332817699427,TRUE,2.6742610688969335,0.032811669164722536,FALSE,1,1,TRUE,0.004087716871820878,TRUE,FALSE
1598819,10235,0.3462091047152471,-0.5143724795013391,1.0311189632614302,TRUE,2.6780533143002994,0.03238534184761545,FALSE,1,1,TRUE,0.004100523002371696,TRUE,FALSE
1598819,10236,0.31064097910077926,-0.5493545949877124,0.994701654094852,TRUE,2.7285164137690052,0.02377062330764686,FALSE,1,1,TRUE,0.00420041082066807,TRUE,FALSE
981709,10237,0.6629413035344542,0.4466854613067863,0.8691700704189093,FALSE,1.3680058162354596,1,TRUE,1.100314980671637,1,TRUE,0.007419284870132108,TRUE,FALSE
981709,10238,0.6668630492626876,0.45151247016260565,0.872141645222981,FALSE,1.3601301362885776,1,TRUE,1.0963600712972008,1,TRUE,0.007623011135008686,TRUE,FALSE
981709,10239,0.6301094153172008,0.41627099603000356,0.8339341802538327,FALSE,1.3762793416349726,1,TRUE,1.0855917109865936,1,TRUE,0.008456160337638276,TRUE,FALSE
1363053,10240,0.795188757460898,0.5870650085489163,0.9933291217789505,FALSE,1.9119363022601532,1,TRUE,1.0899471234356497,1,TRUE,0.007795518362189797,TRUE,FALSE
1363053,10241,0.967546256302406,0.7783636838334267,1.1484457416452944,FALSE,1.8064053715657677,1,TRUE,1.0878547012405284,1,TRUE,0.007816550556806598,TRUE,FALSE
1363053,10242,0.868813307655324,0.6721009464507932,1.0560822310907625,FALSE,1.7170368482760925,1,TRUE,1.081346587814314,1,TRUE,0.007900448719104756,TRUE,FALSE
989482,10243,0.5643500944657861,0.29906533694491666,0.814074571966561,FALSE,1.344426188026498,1,TRUE,1.0980591995021014,1,TRUE,0.006951837841592226,TRUE,FALSE
989482,10244,0.544148035663897,0.2794920370537561,0.7930855954206041,FALSE,1.3072314964832539,1,TRUE,1.094137096799599,1,TRUE,0.006988812026354646,TRUE,FALSE
989482,10245,0.5495799512641645,0.28735867149760097,0.7958789878570878,FALSE,1.4212472929019087,1,TRUE,1.0913658788430076,1,TRUE,0.007146384253005707,TRUE,FALSE
996416,10246,0.6295962880332231,0.5063453270003779,0.749476073245865,FALSE,1.3032605331449316,1,TRUE,1.096714309436536,1,TRUE,0.007116321130815702,TRUE,FALSE
996416,10247,0.620535111429646,0.4978540695933983,0.7398532205917979,FALSE,1.3088879189813725,1,TRUE,1.0887544376393234,1,TRUE,0.007330218517431946,TRUE,FALSE
996416,10248,0.6242174754983825,0.5028204653038584,0.7421246810412951,FALSE,1.3076291435437815,1,TRUE,1.0796196938226315,1,TRUE,0.008173022598137953,TRUE,FALSE
1550023,10249,1.805741046751171,1.7625214925005306,1.8487060449675667,FALSE,1.5777311958499727,1,TRUE,1.078303240462217,1,TRUE,0.007464095257918422,TRUE,FALSE
1550023,10250,1.8007090992563475,1.7576695994934577,1.8434934485637515,FALSE,1.5501716787780475,1,TRUE,1.0779247127363039,1,TRUE,0.007644725477952347,TRUE,FALSE
1550023,10251,1.759045605053079,1.716076644050925,1.801252218285183,FALSE,1.4525098258140123,1,TRUE,1.0729336848874074,1,TRUE,0.008403731270081654,TRUE,FALSE
1347384,10252,0.3391419196539081,0.06782838393078161,0.5915601243623502,TRUE,1.6715687943203548,1,TRUE,1.0859174949564103,1,TRUE,0.007792151366121756,TRUE,TRUE
1347384,10253,0.5289351189676283,0.27692921846511226,0.7649314802751981,FALSE,1.6694920521303354,1,TRUE,1.0878921812583993,1,TRUE,0.00780930920909862,TRUE,FALSE
1347384,10254,0.48601924987213857,0.2341551037486606,0.7217116576659206,FALSE,1.6820877439186273,1,TRUE,1.0861248862555413,1,TRUE,0.007878263443642735,TRUE,FALSE
1386957,10255,1.9244942499952362,1.8741843994503247,1.9743142904804452,FALSE,1.624294267316366,1,TRUE,1.0823424383641511,1,TRUE,0.007823238425708869,TRUE,FALSE
1386957,10256,1.9394415227603738,1.8891897649719196,1.9892047262022148,FALSE,1.7057144832241928,1,TRUE,1.081312159016089,1,TRUE,0.00787023800096001,TRUE,FALSE
1386957,10257,1.9332968499813465,1.882723477158431,1.98335958437908,FALSE,1.6292152226113317,1,TRUE,1.0802661191714475,1,TRUE,0.008061142065694521,TRUE,FALSE
989878,10258,1.7379390770284557,1.7122117553226515,1.7635482837716236,FALSE,1.8856303089331368,1,TRUE,1.0648328834032343,1,TRUE,0.005800855023728715,TRUE,FALSE
989878,10259,1.757643321467095,1.731416622454709,1.783745134391986,FALSE,1.840535693373493,1,TRUE,1.0628135232802072,1,TRUE,0.006074657234348049,TRUE,FALSE
989878,10260,1.8283090168479985,1.8002423422827838,1.856225876282849,FALSE,1.6214916446981693,1,TRUE,1.0683896674316422,1,TRUE,0.007183057312030597,TRUE,FALSE
1102527,10261,1.7609430661075278,1.6073649609485332,1.9091726051343323,FALSE,2.1092316405695097,0.16554905172668974,TRUE,1.0352386889798548,1,TRUE,0.0018635025431685123,TRUE,FALSE
1102527,10262,1.756967930580893,1.6037662788197447,1.904834325799252,FALSE,2.0995632627855723,0.18873849618082933,TRUE,1.0524548510698304,1,TRUE,0.0018818331216018695,TRUE,FALSE
1102527,10263,1.7968651095709316,1.6445388446977898,1.9438299524445328,FALSE,2.1207887037916935,0.14310610639840074,TRUE,1.0478385595641573,1,TRUE,0.0019510111306460173,TRUE,FALSE
1114122,10264,1.5962013978855418,1.4636234299822872,1.7243753488704325,FALSE,2.1053228872891445,0.162401215172767,TRUE,1.0707328637790405,1,TRUE,0.005533106581107244,TRUE,FALSE
1114122,10265,1.6619888963706122,1.5332360183549736,1.786210700026204,FALSE,1.9582877636603657,1,TRUE,1.065696166671656,1,TRUE,0.005538936135475555,TRUE,FALSE
1114122,10266,1.6989754684287712,1.5705405628633027,1.82290308292025,FALSE,2.006435864991289,0.47539865160683265,TRUE,1.0665358167676222,1,TRUE,0.005565094392256439,TRUE,FALSE
753626,10267,1.8977567057417346,1.871943301210426,1.923458363167588,FALSE,1.8922830236601242,1,TRUE,1.065840492287105,1,TRUE,0.005562366459763575,TRUE,FALSE
753626,10268,1.8856613304422982,1.8597242484526917,1.9114844886441529,FALSE,1.8988222821464955,1,TRUE,1.0622564312737504,1,TRUE,0.005597343785973442,TRUE,FALSE
753626,10269,1.8892673834636893,1.8630316882271953,1.915384358282893,FALSE,1.8844413033951648,1,TRUE,1.0630494073263466,1,TRUE,0.005740018392244032,TRUE,FALSE
1513103,10270,-87.03285608781016,NA,NA,TRUE,1.5380082012429126,1,TRUE,1,1,TRUE,0.005456225850633034,TRUE,TRUE
1513103,10271,-91.01348099553084,NA,NA,TRUE,1.5379089368324312,1,TRUE,1,1,TRUE,0.005456225850633034,TRUE,TRUE
1513103,10272,-87.00716102220731,NA,NA,TRUE,1.5383359209461922,1,TRUE,1,1,TRUE,0.0054543699915001655,TRUE,TRUE
965748,10273,1.4499218476676854,1.3246348231848981,1.571524071519195,FALSE,1.2264920958057937,1,TRUE,1.0916955116636404,1,TRUE,0.007301703306211257,TRUE,FALSE
965748,10274,1.437851217236178,1.3125503182131664,1.559463164604687,FALSE,1.3254392755854498,1,TRUE,1.0907633561104366,1,TRUE,0.007317953713569442,TRUE,FALSE
965748,10275,1.474733945415078,1.3505622018507768,1.5952480672405018,FALSE,1.2204626803607792,1,TRUE,1.0906095412300159,1,TRUE,0.0073858101442948335,TRUE,FALSE
916005,10276,-0.06691747347327967,-0.35064777072309944,0.19592586152370078,TRUE,1.4315338727835036,1,TRUE,1.0891011006324711,1,TRUE,0.006428620423529553,TRUE,TRUE
916005,10277,-0.04861877243271242,-0.32942056073457165,0.21145779451063057,TRUE,1.4321354863262485,1,TRUE,1.0891290142427261,1,TRUE,0.006484469321151027,TRUE,TRUE
916005,10278,-0.0672251718050737,-0.34678560421469856,0.19158497360328972,TRUE,1.4146420842661713,1,TRUE,1.0798869533068498,1,TRUE,0.006674130678174288,TRUE,TRUE
924566,10279,0.8567509407130941,0.7423818048977582,0.9683600005569896,FALSE,1.5107022319144752,1,TRUE,1.083588246030095,1,TRUE,0.006541150661602007,TRUE,FALSE
924566,10280,0.8324079285303042,0.7186324994962455,0.9434091777927217,FALSE,1.3320859383627686,1,TRUE,1.0795098819033222,1,TRUE,0.006697880293740647,TRUE,FALSE
924566,10281,0.8041260735270432,0.6916249000623518,0.9137910175656534,FALSE,1.230521830788319,1,TRUE,1.0781074168812839,1,TRUE,0.007341937602212526,TRUE,FALSE
1341238,10282,0.5004054151716961,0.18169306500971535,0.7951940998848784,TRUE,1.3388173526429654,1,TRUE,1.0956032906910416,1,TRUE,0.0069791365387532655,TRUE,TRUE
1341238,10283,0.48720575461056564,0.1693745107299008,0.7810553274442722,TRUE,1.2720111106733156,1,TRUE,1.094027716889315,1,TRUE,0.007037535017490172,TRUE,TRUE
1341238,10284,0.4835841388779143,0.16823992155141584,0.7745723061006926,TRUE,1.2156658939179126,1,TRUE,1.0871223942725985,1,TRUE,0.007289443248254698,TRUE,TRUE
902427,10285,0.552780233613412,0.37627333407854213,0.7222212775763901,FALSE,1.4093081966642953,1,TRUE,1.0964574688678417,1,TRUE,0.007637201024104567,TRUE,FALSE
902427,10286,0.5406204811050112,0.3653194895774805,0.7093314003845838,FALSE,1.400245881705443,1,TRUE,1.098218174794921,1,TRUE,0.008068979078022091,TRUE,FALSE
902427,10287,0.51869473493207,0.3437025097767859,0.6867607109188401,FALSE,1.298202616883037,1,TRUE,1.092895710874615,1,TRUE,0.009677504363390897,TRUE,FALSE
1524674,10288,0.2650126485964027,0.030476053625082173,0.4849723638068026,TRUE,1.2982212992086206,1,TRUE,1.0935022605941096,1,TRUE,0.010357145877167157,TRUE,TRUE
1524674,10289,0.282963682067918,0.048839213365791556,0.5023300031048384,TRUE,1.401232781993546,1,TRUE,1.0910206164455545,1,TRUE,0.01043286612276212,TRUE,TRUE
1524674,10290,0.2928458494268335,0.05940446920703086,0.5115815801389586,TRUE,1.3752120010546331,1,TRUE,1.0876882095916045,1,TRUE,0.010690776197859693,TRUE,TRUE
708298,10291,1.7924753198146568,1.7449733522738353,1.8395811343061206,FALSE,1.3135934843277033,1,TRUE,1.0905640229783942,1,TRUE,0.007453666575020225,TRUE,FALSE
708298,10292,1.8049747342371436,1.7575971246292692,1.8519576345857287,FALSE,1.358127210033434,1,TRUE,1.0899995502356257,1,TRUE,0.007612876647110546,TRUE,FALSE
708298,10293,1.8391504111365253,1.7920674104269696,1.8858398609355504,FALSE,1.314718721432385,1,TRUE,1.0905235850794757,1,TRUE,0.008280241349293282,TRUE,FALSE
1103640,10294,1.1556744769168867,0.8960530611743076,1.4016012997749692,FALSE,1.6088073858091019,1,TRUE,1.0415362254586087,1,TRUE,0.008163260290402178,TRUE,FALSE
1103640,10295,1.1160933016441354,0.8573892714363588,1.3610451880628471,FALSE,1.6080273401833143,1,TRUE,1.0514524077230396,1,TRUE,0.00830949361488778,TRUE,FALSE
1103640,10296,1.1195956413103099,0.8633422843094474,1.361614988046819,FALSE,1.5624092270880898,1,TRUE,1,1,TRUE,0.008863705626173553,TRUE,FALSE
781182,10297,1.3707279357133144,1.066148672595459,1.6538651203841515,FALSE,1.2786100773891274,1,TRUE,1.0948555658769252,1,TRUE,0.007289186100543466,TRUE,FALSE
781182,10298,1.391583892870278,1.0877770165369975,1.6738969796090226,FALSE,1.4029703946363374,1,TRUE,1.093214716433644,1,TRUE,0.007298189704620298,TRUE,FALSE
781182,10299,1.3648770481123622,1.0629396900292747,1.6452043973889645,FALSE,1.2300914839652222,1,TRUE,1.0946182841988044,1,TRUE,0.007325639717049664,TRUE,FALSE
1124300,10300,-0.03962306698895979,-0.11834804003475294,0.037300694957470466,TRUE,1.4117630774525,1,TRUE,1.1060410451756837,1,TRUE,0.013579628259784185,TRUE,TRUE
1124300,10301,-0.13627025880248836,-0.21836428453418694,-0.05602433530840553,TRUE,1.4311521653783914,1,TRUE,1.10426990212511,1,TRUE,0.013698494893299832,TRUE,TRUE
1124300,10302,-0.08249299494975966,-0.16385329002463006,-0.0030922812096128684,TRUE,1.435669817918268,1,TRUE,1.0991192011991564,1,TRUE,0.014166797102519873,TRUE,TRUE
1124300,10303,0.09474211532755704,0.018948423065511408,0.16874860713174542,TRUE,1.1968265498779223,1,TRUE,1.0794878871941207,1,TRUE,0.029851338948969956,TRUE,TRUE
1124300,10304,0.002402280911771586,-0.07692596464388364,0.07990349899079643,TRUE,1.13547630594017,1,TRUE,1.0853203905739293,1,TRUE,0.030109210958394014,TRUE,TRUE
1124300,10305,0.134745158981331,0.058255446958851806,0.20932814435288688,TRUE,1.2103335014469943,1,TRUE,1.0801841217894503,1,TRUE,0.031100683620750174,TRUE,TRUE
1124300,10306,0.4594745526248964,0.380300281773597,0.5369597005958705,FALSE,2.644205085846807,1.4739425533975575e-14,FALSE,1.070048512653677,1,TRUE,0.020049537811493594,TRUE,FALSE
1124300,10307,0.5235052956278421,0.4468072685960023,0.5982224009185012,FALSE,2.68502569861164,3.7340620740739703e-16,FALSE,1.0733038567244562,1,TRUE,0.020175787194389668,TRUE,FALSE
1124300,10308,0.4848973577154014,0.406149591985197,0.5619761261994487,FALSE,2.7138673959303343,2.2408574648431196e-17,FALSE,1.0751767293109207,1,TRUE,0.020673052497332926,TRUE,FALSE
1124300,10309,0.6197489113913618,0.5563477030731522,0.68204082426931,FALSE,1.8337032219807796,1,TRUE,1.0732823258272601,1,TRUE,0.026192858994161117,TRUE,FALSE
1124300,10310,0.6016437548007088,0.5374817646979146,0.6646701377967645,FALSE,1.9346848127326481,1,TRUE,1.0775640389619194,1,TRUE,0.026501012332205726,TRUE,FALSE
1124300,10311,0.5590188945072782,0.49230155900966943,0.6245066178217895,FALSE,1.8172637342258788,1,TRUE,1.0700142746734829,1,TRUE,0.027696493512944124,TRUE,FALSE
1124300,10312,-0.011853274885796333,-0.08845124487621014,0.0630541249944891,TRUE,1.5107138665956417,1,TRUE,1.0720933102668584,1,TRUE,0.019240405953361732,TRUE,TRUE
1124300,10313,-0.07164641032053688,-0.15022723892160494,0.00513947861567057,TRUE,1.3265677732204173,1,TRUE,1.0754291543440224,1,TRUE,0.019419776183870825,TRUE,TRUE
1124300,10314,-0.034878736608633505,-0.11394071545501559,0.04210843472933216,TRUE,1.3690384236147015,1,TRUE,1.0745072558923852,1,TRUE,0.020116594144623516,TRUE,TRUE
1124300,10315,0.18805833649713247,0.11036768655260558,0.2640688177022148,TRUE,1.1771549733993951,1,TRUE,1.0787252461690724,1,TRUE,0.003706402298420253,TRUE,TRUE
1124300,10316,0.18102979547077186,0.10322722212088091,0.2570549248218455,TRUE,1.1068082246947473,1,TRUE,1.0768856023349132,1,TRUE,0.003754761491107435,TRUE,TRUE
1124300,10317,0.19138501622499088,0.11409693956253203,0.2669743028548837,TRUE,1.1710683499837629,1,TRUE,1.0780130312202216,1,TRUE,0.0039539209847486816,TRUE,TRUE
1124300,10318,-0.16725432496751882,-0.272203424844646,-0.06536784761688506,TRUE,1.8940121117043198,1,TRUE,1.0919976798695645,1,TRUE,0.002951264986052938,TRUE,TRUE
1124300,10319,-0.16010472149986038,-0.264885776342083,-0.05843277173624073,TRUE,1.9995682594256565,1,TRUE,1.0892065347392912,1,TRUE,0.0029764274928169997,TRUE,TRUE
1124300,10320,-0.1771360759907502,-0.2819280442999422,-0.07584105597227464,TRUE,1.9259805717368594,1,TRUE,1.0884986181280143,1,TRUE,0.00307218481022468,TRUE,TRUE
1124300,10321,0.01118967362729774,-0.09221296745879283,0.11129179102541842,TRUE,1.8622848507640266,1,TRUE,1.1655098532022006,1,TRUE,0.003229494162407643,TRUE,TRUE
1124300,10322,0.004544184480425108,-0.0985812211893579,0.1046968682905826,TRUE,1.8002622386021359,1,TRUE,1.1644352287449318,1,TRUE,0.003252210314347421,TRUE,TRUE
1124300,10323,-0.006024536414530797,-0.10882532580926288,0.09379044696959957,TRUE,1.6381316739455671,1,TRUE,1.1612058406383088,1,TRUE,0.0033491471242596666,TRUE,TRUE
1124300,10324,0.15207331849750616,-0.4141205726470878,0.6374352400827837,TRUE,3.501634145597173,1.767667294026411e-22,FALSE,1.2801109802254906,6.780085225593674e-4,FALSE,9.475256453342051e-4,TRUE,FALSE
1124300,10325,0.1295701227311428,-0.43705320923011165,0.6155012671488078,TRUE,3.3280011261250073,5.620499102285111e-19,FALSE,1.280718761396768,5.325291847122969e-4,FALSE,9.480061793175465e-4,TRUE,FALSE
1124300,10326,0.11698116824576099,-0.44874934386127835,0.6020880029353551,TRUE,3.2933747313785933,1.6478438781166752e-18,FALSE,1.2802296854354247,6.040385180809623e-4,FALSE,9.501467397887948e-4,TRUE,FALSE
1124300,10327,0.6961837305280187,0.47882582437791055,0.9019135889927077,FALSE,2.1304612583078413,0.11853825799388382,TRUE,1.0982082928706336,1,TRUE,9.368665278855399e-4,TRUE,FALSE
1124300,10328,0.7074988202276223,0.4909253225908332,0.9123398695687656,FALSE,2.1091299074784997,0.15977967770987025,TRUE,1.0993344713988975,1,TRUE,9.401428959537771e-4,TRUE,FALSE
1124300,10329,0.756029533202425,0.5413495978661614,0.9589921785177214,FALSE,1.992739145357612,1,TRUE,1.0981322429183333,1,TRUE,9.600632138086595e-4,TRUE,FALSE
1124300,10330,0.22049769774701625,0.15236932458969252,0.287399901744558,TRUE,1.2669419891039797,1,TRUE,1.103191499282743,1,TRUE,0.010773659276330673,TRUE,TRUE
1124300,10331,0.2108316896876687,0.14240435225211212,0.2779921194055754,TRUE,1.2694145252999967,1,TRUE,1.1001410824080944,1,TRUE,0.01090750983314506,TRUE,TRUE
1124300,10332,0.24969821332954253,0.1798100707608409,0.31821566592143075,TRUE,1.241176139609006,1,TRUE,1.1029713001451413,1,TRUE,0.011442649950957139,TRUE,TRUE
1124300,10333,0.5361205534162733,0.4805139576554832,0.5908859708466813,FALSE,1.420563715749606,1,TRUE,1.1118250533600498,1,TRUE,0.022610609203073267,TRUE,FALSE
1124300,10334,0.533606105380246,0.47768922438601424,0.5886648846918745,FALSE,1.256211166663927,1,TRUE,1.107467015393085,1,TRUE,0.022966990679082325,TRUE,FALSE
1124300,10335,0.5229776931704554,0.46496053503764084,0.5800577414632964,FALSE,1.3555335168903468,1,TRUE,1.107218210516062,1,TRUE,0.02433319247862967,TRUE,FALSE
1124300,10336,0.11143934116381464,0.032830898034245964,0.18831463085152023,TRUE,1.8263627430067053,1,TRUE,1.1049275498133833,1,TRUE,0.008359631283653487,TRUE,TRUE
1124300,10337,0.11635602024384041,0.03789779094389915,0.19308948026136746,TRUE,1.604801652938635,1,TRUE,1.104371360114963,1,TRUE,0.00843616724172751,TRUE,TRUE
1124300,10338,0.11938524296910193,0.040214026029408705,0.1967876988739109,TRUE,1.5653545820975698,1,TRUE,1.1007033120450729,1,TRUE,0.00873117142259159,TRUE,TRUE
1124300,10339,-0.1140109780968681,-0.21049506737706652,-0.02018681565426675,TRUE,1.6123871255671667,1,TRUE,1.0871446520454218,1,TRUE,0.025433265821221,TRUE,TRUE
1124300,10340,-0.04031675199056368,-0.13413562047965924,0.05076998533716879,TRUE,1.5992422598311475,1,TRUE,1.0943019779055294,1,TRUE,0.025580352905031065,TRUE,TRUE
1124300,10341,-0.14130731323339715,-0.24034076446909894,-0.045122953858788,TRUE,1.5275827513633216,1,TRUE,1.087872751933754,1,TRUE,0.026153498892434696,TRUE,TRUE
1124300,10342,-0.0826525470822057,-0.16381678920469617,-0.0033855565273076594,TRUE,1.3276257226717865,1,TRUE,1.0856758470099301,1,TRUE,0.01697158659346882,TRUE,TRUE
1124300,10343,-0.05419134622182056,-0.13425137692479713,0.02435408934693623,TRUE,1.3574033221260458,1,TRUE,1.0868534822837403,1,TRUE,0.017121993730254696,TRUE,TRUE
1124300,10344,0.018716554352622428,-0.06111934151273271,0.09672007036323274,TRUE,1.3834120814684816,1,TRUE,1.0879712312055498,1,TRUE,0.017728514987046768,TRUE,TRUE
1124300,10345,-0.10872880519353705,-0.38703599946141637,0.14814435519966637,TRUE,2.7064518736065875,1.821778014867898e-8,FALSE,1.1080905693768655,1,TRUE,0.001512065705945267,TRUE,FALSE
1124300,10346,-0.10275073014458054,-0.38069273573541035,0.15368133680973903,TRUE,2.664015558147802,1.4320553765084054e-7,FALSE,1.1034827207476683,1,TRUE,0.0015154731287362337,TRUE,FALSE
1124300,10347,-0.12208999161412466,-0.3993689371995735,0.13356877686711488,TRUE,2.6419821201822957,2.4547239807237484e-7,FALSE,1.1036555946543078,1,TRUE,0.0015279670123031115,TRUE,FALSE
1124300,10348,0.16265465685194577,0.09088831883725973,0.23293502673393754,TRUE,1.4845265229567626,1,TRUE,1.0882880096959417,1,TRUE,0.017998225606424056,TRUE,TRUE
1124300,10349,0.17094748164599272,0.0998529906567164,0.2405739954314882,TRUE,1.4430337389942112,1,TRUE,1.0836691361133293,1,TRUE,0.018195113484871326,TRUE,TRUE
1124300,10350,0.15803851943093794,0.08485605000006817,0.22965021430083393,TRUE,1.3929814204667177,1,TRUE,1.084237491612156,1,TRUE,0.01896999637546322,TRUE,TRUE
1124300,10354,-0.046731061025553626,-0.1256812998642619,0.030372681862789276,TRUE,1.3379275565210613,1,TRUE,1.7000000000000002,0,FALSE,0.01980761079333496,TRUE,FALSE
1124300,10355,0.008466275300466078,-0.06854657684267076,0.08375136268069236,TRUE,1.272531662946541,1,TRUE,1.7000000000000002,0,FALSE,0.020001309673529144,TRUE,FALSE
1124300,10356,0.12478698075026366,0.04945720665570494,0.19857723738331193,TRUE,1.2745394617501107,1,TRUE,1.6,0,FALSE,0.02076029125776319,TRUE,FALSE
1124300,10357,0.13779243559054172,-0.008879063388094284,0.27844296395147417,TRUE,1.3443182209044924,1,TRUE,1.1020463480561415,1,TRUE,0.0017483573710265355,TRUE,TRUE
1124300,10358,0.13754550128014156,-0.008997037695263239,0.27805629562575884,TRUE,1.3694359048695532,1,TRUE,1.1014583123545536,1,TRUE,0.001759671762088848,TRUE,TRUE
1124300,10359,0.12397700573635469,-0.02244381984784804,0.2641186681467067,TRUE,1.3864087651057746,1,TRUE,1.1023669179459668,1,TRUE,0.0018005608355804487,TRUE,TRUE
1124300,10360,-0.08953601182467638,-0.17050539195452966,-0.010481557408026945,TRUE,1.3025292194780131,1,TRUE,1.081500573210616,1,TRUE,0.01169510503184171,TRUE,TRUE
1124300,10361,-0.109118242816374,-0.19028699135423063,-0.029513968503236107,TRUE,1.3139495079254253,1,TRUE,1.0838174962273155,1,TRUE,0.011795929798528264,TRUE,TRUE
1124300,10362,-0.052027007783551224,-0.13313541039003832,0.027119167938110537,TRUE,1.4301019420044425,1,TRUE,1.0805002058657494,1,TRUE,0.012201151001207843,TRUE,TRUE
1124300,10363,-0.13906536347481024,-0.23662065756501682,-0.044222394446364145,TRUE,1.601010638305189,1,TRUE,1.0959129929063134,1,TRUE,0.023506630342374785,TRUE,TRUE
1124300,10364,-0.07468411976416349,-0.16938110631158984,0.017514861074711202,TRUE,1.637765814940883,1,TRUE,1.0973349862547572,1,TRUE,0.023632224451657212,TRUE,TRUE
1124300,10365,-0.07815370442319004,-0.1745587312149813,0.01566125067684062,TRUE,1.5347849289613316,1,TRUE,1.0924589404306058,1,TRUE,0.024154390151919072,TRUE,TRUE
1124300,10366,0.03460966566663016,-0.04363077714832872,0.1108754740854996,TRUE,1.304297422525396,1,TRUE,1.0993928675726172,1,TRUE,0.10367280423600317,FALSE,FALSE
1124300,10367,0.01850244503835497,-0.06117863692949427,0.09638057765378699,TRUE,1.3677738767383663,1,TRUE,1.0916848780653434,1,TRUE,0.10436743795137704,FALSE,FALSE
1124300,10368,0.008603033684602744,-0.07366890589974848,0.08891693140973296,TRUE,1.3284067275762124,1,TRUE,1.093808742507523,1,TRUE,0.10689854149635923,FALSE,FALSE
1124300,10369,0.4114331665158199,0.32085246100700504,0.4997097198359305,FALSE,1.888203650608648,1,TRUE,1.2103617088938454,1,TRUE,0.003480900805510379,TRUE,FALSE
1124300,10370,0.4053356464095027,0.3148814019096407,0.4934913903015852,FALSE,1.7719552768470759,1,TRUE,1.209652841478289,1,TRUE,0.0035051022443077584,TRUE,FALSE
1124300,10371,0.4027707237399381,0.3126658931014503,0.4905579615705685,FALSE,1.7183761876995216,1,TRUE,1.2085999085897399,1,TRUE,0.003606494914792806,TRUE,FALSE
1124300,10372,0.06136776735739904,-0.021065567822891942,0.14186682612038357,TRUE,1.746171750956853,1,TRUE,1.1041160970065402,1,TRUE,0.006578597601759733,TRUE,TRUE
1124300,10373,0.07391364835585895,-0.00837728226735553,0.1542394904564391,TRUE,1.7797762260630623,1,TRUE,1.1045346398953968,1,TRUE,0.006646920797209373,TRUE,TRUE
1124300,10374,0.015624533995284412,-0.07052594906340605,0.09961787608469543,TRUE,1.6591194401772877,1,TRUE,1.1051413693395677,1,TRUE,0.00693821176092945,TRUE,TRUE
1797513,10375,0.7926284762706608,0.7160727208134254,0.8674975763746794,FALSE,3.3697102169752724,2.0780128448748202e-48,FALSE,1.091868863344062,1,TRUE,0.008051508668837543,TRUE,FALSE
1797513,10376,0.7830387948493975,0.706522343025852,0.8578875933272413,FALSE,3.344465228229469,3.1762203433605823e-47,FALSE,1.0921188433621125,1,TRUE,0.008162365533162281,TRUE,FALSE
1797513,10377,0.788280224839389,0.711895287580407,0.8629608966494596,FALSE,3.291873045962047,3.4519968093188087e-45,FALSE,1.0856048663901694,1,TRUE,0.008580405922295262,TRUE,FALSE
1797513,10378,0.5190664084603286,0.34891014571735557,0.6815062478905345,FALSE,1.0721145291959777,1,TRUE,1.0634674167042586,1,TRUE,0.0014119441078307257,TRUE,FALSE
1797513,10379,0.5152171786456752,0.34529071775268705,0.6774057537398505,FALSE,1.0565523750474373,1,TRUE,1.0649454747191571,1,TRUE,0.0014244966026461224,TRUE,FALSE
1797513,10380,0.5307268915353378,0.3607859730578544,0.692404589431299,FALSE,1.0931580896966397,1,TRUE,1.0696832818688153,1,TRUE,0.001477527367259483,TRUE,FALSE
1797513,10381,0.7020525346589795,0.6466010744847204,0.7567799109676758,FALSE,1.962668045304782,1,TRUE,1.109960470151688,1,TRUE,0.026921434358068236,TRUE,FALSE
1797513,10382,0.709679674705835,0.6544873437465295,0.764155969970612,FALSE,2.1028944295344343,0.13023590894984988,TRUE,1.102609708693103,1,TRUE,0.02699519789501714,TRUE,FALSE
1797513,10383,0.752594637422777,0.6972086881235217,0.8072781039990812,FALSE,1.9837413375243205,1,TRUE,1.1048863278918075,1,TRUE,0.02726077483588671,TRUE,FALSE
1797513,10384,0.526457006143328,0.40090464690045224,0.6479699974102815,FALSE,1.920767535544557,1,TRUE,1.1343051372664426,1,TRUE,0.0031616772615364478,TRUE,FALSE
1797513,10385,0.5275028948709565,0.40202998738857637,0.6489334631531319,FALSE,1.8414127586481248,1,TRUE,1.1361087685025946,1,TRUE,0.0031773326202387962,TRUE,FALSE
1797513,10386,0.5137270099890712,0.388370526580274,0.6350617296176436,FALSE,1.7937449551551807,1,TRUE,1.131970916059883,1,TRUE,0.003239107819442658,TRUE,FALSE
1797513,10387,0.1876223314538098,0.09149279203269625,0.28106873994743903,TRUE,1.4415216900745322,1,TRUE,1.1128152688498438,1,TRUE,0.005664136986363195,TRUE,TRUE
1797513,10388,0.19579089751939774,0.09979297424020352,0.2890852141101223,TRUE,1.356948260972735,1,TRUE,1.1124359943721998,1,TRUE,0.005699255763992788,TRUE,TRUE
1797513,10389,0.19727139123253865,0.10126461143472136,0.2905506722428996,TRUE,1.3214430905333887,1,TRUE,1.1075501116430864,1,TRUE,0.005848475309101659,TRUE,TRUE
1797513,10390,0.12496966587751053,0.0028711927396506704,0.24314569540675798,TRUE,2.055196600269712,0.31349754556984805,TRUE,1.1233502717852197,1,TRUE,0.004292106991260079,TRUE,TRUE
1797513,10391,0.12503355512081757,0.0028257852975136786,0.24329810266125357,TRUE,1.863635263103524,1,TRUE,1.1218796850266401,1,TRUE,0.004310865213849379,TRUE,TRUE
1797513,10392,0.11986449889830689,-0.0025154913517727814,0.23780997019845687,TRUE,1.9872329929467938,1,TRUE,1.1219316182705095,1,TRUE,0.004392244871248074,TRUE,TRUE
1797513,10393,0.030798638259121994,-0.06204304378993167,0.12137056611680026,TRUE,2.8195043711908685,7.911812096850015e-20,FALSE,1.1242547076873894,1,TRUE,0.042445767580826785,TRUE,FALSE
1797513,10394,-0.01699779603637356,-0.11193608676116294,0.07528477574718555,TRUE,2.638294482610739,3.4254804221902013e-13,FALSE,1.1160020438259315,1,TRUE,0.042501054973721565,TRUE,FALSE
1797513,10395,0.11626269178199934,0.027271990655667107,0.2027610402297009,TRUE,2.743621173257219,2.1145079693793545e-17,FALSE,1.2,1,TRUE,0.04273151313696154,TRUE,FALSE
1797513,10396,0.17711077799544064,0.09340247922980441,0.25871830916802624,TRUE,1.7282191878494626,1,TRUE,1.1152569059353024,1,TRUE,0.0096556892983917,TRUE,TRUE
1797513,10397,0.1740581176033075,0.09028249489369058,0.255736466160897,TRUE,1.7163403595557214,1,TRUE,1.1156361978538243,1,TRUE,0.009677691424135541,TRUE,TRUE
1797513,10398,0.18212129156663487,0.09859977625299224,0.26402199208005456,TRUE,1.6936928014414028,1,TRUE,1.1125957630711942,1,TRUE,0.009789535563333401,TRUE,TRUE
1797513,10399,0.08802985166202425,0.020483006842136862,0.15417427295954092,TRUE,1.7256033060391043,1,TRUE,1.1112047467702666,1,TRUE,0.014224656371928447,TRUE,TRUE
1797513,10400,0.09467852525511425,0.026899244443114926,0.16103290867208017,TRUE,1.6740580219090615,1,TRUE,1.1111880214228116,1,TRUE,0.014297009516201463,TRUE,TRUE
1797513,10401,0.11287816514929105,0.044652951441684,0.17979746175896147,TRUE,1.7193978760657844,1,TRUE,1.1084416116380598,1,TRUE,0.01454946980518528,TRUE,TRUE
1797513,10402,0.21220115991708208,0.13122339332153524,0.2911744786037433,TRUE,1.448923001171084,1,TRUE,1.0990522599625832,1,TRUE,0.008158275394402208,TRUE,TRUE
1797513,10403,0.22070173782594027,0.1394986363043016,0.2998056615587027,TRUE,1.4391577296659983,1,TRUE,1.0983071453698927,1,TRUE,0.008211588237550745,TRUE,TRUE
1797513,10404,0.2379282022943013,0.15704997866094889,0.3169267142223802,TRUE,1.4560192973300377,1,TRUE,1.094610486556695,1,TRUE,0.008426250002820785,TRUE,TRUE
1797513,10405,0.6021006122395355,0.5384785707143577,0.664531504279147,FALSE,2.704417035193883,2.9514762229853767e-17,FALSE,1.1264948431953359,1,TRUE,0.0866673605798632,TRUE,FALSE
1797513,10406,0.6167179590934924,0.5530654033958758,0.6791600265280305,FALSE,2.7792924536261943,4.487340822646555e-20,FALSE,1.1294534088140507,1,TRUE,0.0869951358377394,TRUE,FALSE
1797513,10407,0.6376081374086101,0.573847323667749,0.7001461813191485,FALSE,2.614302784730297,1.0728689807273385e-13,FALSE,1.1254974043210384,1,TRUE,0.0882747851125719,TRUE,FALSE
1797513,10408,0.1410441966549677,-0.025040766883445843,0.29941037865453324,TRUE,1.8110282304383953,1,TRUE,1.1107741643959839,1,TRUE,0.003315551102475747,TRUE,TRUE
1797513,10409,0.140914210445265,-0.025040866756679835,0.29914726186133206,TRUE,1.847686848098424,1,TRUE,1.110177308262333,1,TRUE,0.003328244636558732,TRUE,TRUE
1797513,10410,0.13992374088184317,-0.026200067507865195,0.2978271142147158,TRUE,1.9452092878252332,1,TRUE,1.1054424867993031,1,TRUE,0.003378031498017552,TRUE,TRUE
1797513,10411,0.3387188768304741,0.26086975466184176,0.41530595058238384,FALSE,1.187961636097778,1,TRUE,1.095173775738227,1,TRUE,0.006250155143194347,TRUE,FALSE
1797513,10412,0.3417807667094614,0.26388073117425925,0.4184041115002011,FALSE,1.2141206837582135,1,TRUE,1.0951603277825028,1,TRUE,0.006320956855523888,TRUE,FALSE
1797513,10413,0.37132416630937687,0.29343040057449854,0.4474397608943892,FALSE,1.251422714529733,1,TRUE,1.0892106747376051,1,TRUE,0.006593585759772893,TRUE,FALSE
1797513,10414,0.18601424020148138,0.10300971621408091,0.2669629842198355,TRUE,1.3266097275087472,1,TRUE,2,0,FALSE,0.007729374981664895,TRUE,FALSE
1797513,10415,0.1849425485910848,0.10192190324712314,0.2659058027059612,TRUE,1.3521993182720429,1,TRUE,2,0,FALSE,0.007790162905995636,TRUE,FALSE
1797513,10416,0.208308497104584,0.1256337174526793,0.2889585270022893,TRUE,1.3332124344209704,1,TRUE,2,0,FALSE,0.007984091898930132,TRUE,FALSE
1797513,10417,0.13535683074742158,0.0710291275529152,0.19844837064441143,TRUE,1.457332029138981,1,TRUE,1.096939114513532,1,TRUE,0.026474480919079568,TRUE,TRUE
1797513,10418,0.14404122237219338,0.0798714288317211,0.2074560639968172,TRUE,1.5118705471291478,1,TRUE,1.0977376102290717,1,TRUE,0.02657814478075728,TRUE,TRUE
1797513,10419,0.15769546425820305,0.09282859206808802,0.22126251645234069,TRUE,1.4297813894983045,1,TRUE,1.090702734257855,1,TRUE,0.027010148057381545,TRUE,TRUE
1797513,10420,0.10241734631331101,0.038609015480478764,0.16508228862221982,TRUE,1.545772040926839,1,TRUE,1.101134259844424,1,TRUE,0.013820860948821928,TRUE,TRUE
1797513,10421,0.10480554189902247,0.040938134053074754,0.1675356524889631,TRUE,1.5011352915861789,1,TRUE,1.1011828494347387,1,TRUE,0.013893214093094942,TRUE,TRUE
1797513,10422,0.11676578801497796,0.05301573170844998,0.1793180966996911,TRUE,1.4821522206127313,1,TRUE,1.0983451471874097,1,TRUE,0.014147225814022236,TRUE,TRUE
1797513,10423,0.6622111115595476,0.6102780726627078,0.7134388178557906,FALSE,1.4614199864826751,1,TRUE,1.1075008403011135,1,TRUE,0.039968553884898415,TRUE,FALSE
1797513,10424,0.6145277901498186,0.5611099068725248,0.6671722148986504,FALSE,1.6118742074280015,1,TRUE,1.105431069898667,1,TRUE,0.04014696855839815,TRUE,FALSE
1797513,10425,0.6445241574164349,0.5907362600032355,0.697529522400316,FALSE,1.5700116327368754,1,TRUE,1.1007735565043153,1,TRUE,0.04087628261109945,TRUE,FALSE
1797513,10426,0.30238157562554274,0.09697768440957878,0.49596733503985757,TRUE,1.7903922321671595,1,TRUE,1.1103038946735524,1,TRUE,0.002937565865337964,TRUE,TRUE
1797513,10427,0.29635813887656925,0.09093516175158865,0.4899248700043245,TRUE,1.7277282801683036,1,TRUE,1.1089127182578067,1,TRUE,0.002940527689957327,TRUE,TRUE
1797513,10428,0.28135279304230465,0.07596227206122355,0.4748228429006252,TRUE,1.8579042738357883,1,TRUE,1.1105708540342014,1,TRUE,0.002954490577448611,TRUE,TRUE
1797513,10429,-0.012914919749033315,-0.10851858013907753,0.07989985729876005,TRUE,2.7567945722881233,2.4341360417435975e-17,FALSE,1.2,1,TRUE,0.04119474927731479,TRUE,FALSE
1797513,10430,-0.045106107899471254,-0.1423910799194773,0.04933862032528895,TRUE,2.707165778226418,3.2665471437529666e-15,FALSE,1.11702409090067,1,TRUE,0.04124368990316808,TRUE,FALSE
1797513,10431,-0.013661132968950019,-0.10938057734964694,0.07923024723981706,TRUE,2.7693803580735388,8.831803770979243e-18,FALSE,1.3,1,TRUE,0.04145722335429741,TRUE,FALSE
1797513,10432,0.07623328225204723,-0.0033636901574719807,0.15396100425825684,TRUE,2.0400404381859234,0.2836974290484191,TRUE,2.6,0,FALSE,0.01773639309562011,TRUE,FALSE
1797513,10433,0.07420568574321348,-0.0056644664578020636,0.15219577781123764,TRUE,2.0006838348773286,0.49609458005639034,TRUE,2.7,0,FALSE,0.01779520647020461,TRUE,FALSE
1797513,10434,0.055636638659956654,-0.026643212224584583,0.13571158698015184,TRUE,1.9259603475444134,1,TRUE,2.7,0,FALSE,0.01801283006009401,TRUE,FALSE
1797513,10435,0.19905122177942802,0.09625332179053127,0.2987804097495014,TRUE,1.3693334115924047,1,TRUE,1.0901644981094456,1,TRUE,0.005117327745921709,TRUE,TRUE
1797513,10436,0.20754289297141185,0.10489044040351454,0.30710333439829407,TRUE,1.4233974715276185,1,TRUE,1.0892936697798874,1,TRUE,0.005155267308903076,TRUE,TRUE
1797513,10437,0.2109101222560576,0.10848699687887065,0.3102218553361775,TRUE,1.2952805388891282,1,TRUE,1.0879333885119344,1,TRUE,0.0053073076393637215,TRUE,TRUE
1797513,10438,0.6506007753039571,0.5902067768737368,0.7099010445790406,FALSE,3.2213707173330444,5.9897939594046665e-61,FALSE,1.143051323373835,1,TRUE,0.02775723305779902,TRUE,FALSE
1797513,10439,0.5994662287608435,0.5373551810580692,0.6604368327224321,FALSE,3.1539897456883823,8.325028797546608e-57,FALSE,1.1454365773778974,1,TRUE,0.0278975671290498,TRUE,FALSE
1797513,10440,0.64609350831199,0.5847342662904288,0.706336678695447,FALSE,3.1230113880096453,1.5574062334244064e-53,FALSE,1.1415326364924525,1,TRUE,0.028413911887692125,TRUE,FALSE
1797513,10441,0.2937498326331064,0.2254569144297748,0.3606705270235948,FALSE,2.3993803197682197,1.9312546759153315e-8,FALSE,1.127677946689115,1,TRUE,0.014829855869151665,TRUE,FALSE
1797513,10442,0.29058616380242713,0.2219996163462115,0.3577897352532569,TRUE,2.287943892860278,2.651306783413948e-5,FALSE,1.1263563382236297,1,TRUE,0.014894451853707302,TRUE,FALSE
1797513,10443,0.2941481372836969,0.2243666083932665,0.3624820311888338,FALSE,2.252751058686979,1.9453718051186487e-4,FALSE,1.1270496554189309,1,TRUE,0.01518880080516497,TRUE,FALSE
1797513,10447,1.3254608951473468,1.1684430947777524,1.4763074937099054,FALSE,3.1582151070560975,7.318957216570708e-19,FALSE,1.0878073656977119,1,TRUE,0.0012171688792906967,TRUE,FALSE
1797513,10448,1.3000839216508693,1.1432672848103893,1.450751897668866,FALSE,3.1417733600908186,1.8577462245540996e-18,FALSE,1.083307775798732,1,TRUE,0.001235503984077231,TRUE,FALSE
1797513,10449,1.3271831310732891,1.1715687512909843,1.4765981595811057,FALSE,3.0701377198454365,6.60029076905514e-17,FALSE,1.0816720266267532,1,TRUE,0.00131081895296961,TRUE,FALSE
1503297,10450,0.13156779173053756,0.09044141485396066,0.17228618299162843,TRUE,1.576857733837275,1,TRUE,1.1463442572047269,1,TRUE,0.0864357470794127,TRUE,TRUE
1503297,10451,0.11145656461602976,0.06775984390603211,0.1546574746740854,TRUE,1.5636491988512127,1,TRUE,1.1395280325579076,1,TRUE,0.09365198418109914,TRUE,TRUE
1503297,10452,0.2022589480905791,0.15284969712425586,0.25102904218716515,TRUE,1.439890327588532,1,TRUE,1.118133651440407,1,TRUE,0.11922395994076286,FALSE,FALSE
1503297,10453,-0.23618950917628645,-0.28458631808299695,-0.18845401811518975,TRUE,1.0332268208229607,1,TRUE,1.1817042695840638,1,TRUE,0.015733251032941688,TRUE,TRUE
1503297,10454,-0.18927563621894683,-0.24030482919563856,-0.138942848533726,TRUE,1.0086108287811641,1,TRUE,1.160653795288051,1,TRUE,0.017762888743746725,TRUE,TRUE
1503297,10455,-0.11198193785191846,-0.17342052040381845,-0.05157151909556491,TRUE,1.0223947792612187,1,TRUE,1.121832811369765,1,TRUE,0.025663845964290243,TRUE,TRUE
1503297,10456,-0.099140382625598,-0.15399091613863616,-0.04507923773126834,TRUE,1.0031184836807072,1,TRUE,3,0,FALSE,0.008786404166696573,TRUE,FALSE
1503297,10457,-0.08488280211138113,-0.13973026327708554,-0.03081309182747314,TRUE,1.0227673657952019,1,TRUE,2.9000000000000004,0,FALSE,0.009775444338379017,TRUE,FALSE
1503297,10458,-0.022751504321208312,-0.0807796298524904,0.03439562067938349,TRUE,0.9757385090405103,1,TRUE,2.4000000000000004,0,FALSE,0.013629447271526696,TRUE,FALSE
1503297,10459,0.3397907718824313,0.2895709807716196,0.38943695070770806,FALSE,1.2135516327040543,1,TRUE,1.0856437102190934,1,TRUE,0.008423469009356884,TRUE,FALSE
1503297,10460,0.33678641994912417,0.28669309982524493,0.38629872930580056,FALSE,1.1685118804656112,1,TRUE,1.083266044243606,1,TRUE,0.00916357442084688,TRUE,FALSE
1503297,10461,0.339259375675943,0.28898194319457415,0.3889354400496154,FALSE,1.0964401369002543,1,TRUE,1.07029883509878,1,TRUE,0.012167179847887823,TRUE,FALSE
1503297,10462,-0.019755382299970488,-0.06485481452717196,0.02471789134738833,TRUE,1.320214408598228,1,TRUE,1.08381316640892,1,TRUE,0.07647823704905247,TRUE,TRUE
1503297,10463,-0.021008589643296504,-0.06899105595700314,0.02623342015258238,TRUE,1.4271344122897902,1,TRUE,1.083947910869342,1,TRUE,0.08407331912216105,TRUE,TRUE
1503297,10464,0.06204164833728513,0.006798161295986257,0.11643709235678681,TRUE,1.3015081152264567,1,TRUE,1.0758257003230407,1,TRUE,0.11104607625705475,FALSE,FALSE
1503297,10465,0.883601880483351,0.8470417313720975,0.9198667542991849,FALSE,1.5133963808182211,1,TRUE,1.0795943210628973,1,TRUE,0.023583129376694156,TRUE,FALSE
1503297,10466,0.8769385089188867,0.8394836244594436,0.9140838188565579,FALSE,1.5201986586670695,1,TRUE,1.0734353557699676,1,TRUE,0.025194087769539762,TRUE,FALSE
1503297,10467,0.8278276598144978,0.7857583539668321,0.8694742663246315,FALSE,1.4060499522468408,1,TRUE,1.0703601839095473,1,TRUE,0.03143025639921432,TRUE,FALSE
1503297,10468,0.06837142890493564,0.0252046564474498,0.11107757173523643,TRUE,1.4806883545916267,1,TRUE,1.1251434163428085,1,TRUE,0.05889992607319471,TRUE,TRUE
1503297,10469,0.1333295717008406,0.0886833756872875,0.17747623118287992,TRUE,1.4467139566216565,1,TRUE,1.1164048670740145,1,TRUE,0.06473488029360186,TRUE,TRUE
1503297,10470,0.13671157341704443,0.08381353252726667,0.18884684770150253,TRUE,1.4335254918595992,1,TRUE,1.103578316633824,1,TRUE,0.08592041265033579,TRUE,TRUE
1503297,10471,-0.04687539662170248,-0.09227803674363935,-0.0020142632597604402,TRUE,1.6003848271918588,1,TRUE,1.1563374478880415,1,TRUE,0.023162296850813793,TRUE,TRUE
1503297,10472,-0.01955446853802916,-0.06771113491789553,0.02802316367188348,TRUE,1.5187655293952464,1,TRUE,1.1500468680511384,1,TRUE,0.026017330931310274,TRUE,TRUE
1503297,10473,-0.006245368310044551,-0.06502844381395753,0.05201327031471684,TRUE,1.3278871404902417,1,TRUE,1.117251310936988,1,TRUE,0.0369266784853857,TRUE,TRUE
1503297,10474,0.621223974498679,0.547256036000415,0.6939007886605449,FALSE,1.5503097982956253,1,TRUE,1.0819767949151602,1,TRUE,0.003912618037661999,TRUE,FALSE
1503297,10475,0.6057896643269736,0.5320866872854009,0.6781980615787773,FALSE,1.3702974693160126,1,TRUE,1.0842606439006293,1,TRUE,0.004233804885868018,TRUE,FALSE
1503297,10476,0.5755138688111401,0.5023098440213771,0.6474114172168698,FALSE,1.2650134269598945,1,TRUE,1.0668301473439428,1,TRUE,0.005495943595522285,TRUE,FALSE
1503297,10477,0.6085320272484122,0.570570513733921,0.6461568665561833,FALSE,1.3114687828276996,1,TRUE,1.0777313279173952,1,TRUE,0.017764563461018564,TRUE,FALSE
1503297,10478,0.6239954905828792,0.584429047139477,0.6631932420564234,FALSE,1.3234743314375825,1,TRUE,1.07159508692754,1,TRUE,0.01928532636650948,TRUE,FALSE
1503297,10479,0.6809073267456013,0.6358595270768004,0.7254715813419592,FALSE,1.2003728077864222,1,TRUE,1.0659300977529713,1,TRUE,0.025064057935647793,TRUE,FALSE
1503297,10480,0.3919166120908846,0.3279246748770275,0.4549270363022695,FALSE,1.5115339867948527,1,TRUE,1.0877780788734113,1,TRUE,0.004847110275347444,TRUE,FALSE
1503297,10481,0.40178011299861427,0.33787883815693287,0.46470045779017144,FALSE,1.4621480093853017,1,TRUE,1.0816471100838907,1,TRUE,0.005297250353484967,TRUE,FALSE
1503297,10482,0.42800456804849457,0.36410524397754834,0.4909273474480635,FALSE,1.303913310583242,1,TRUE,1.079980008588959,1,TRUE,0.007062641603326467,TRUE,FALSE
1503297,10483,0.23710314398662347,0.17783224198598713,0.2954880295329215,TRUE,1.4609581288527085,1,TRUE,1.0972290616061353,1,TRUE,0.006449096968522493,TRUE,TRUE
1503297,10484,0.2501013422865493,0.19096241787126608,0.3083374113678311,TRUE,1.4002428647487972,1,TRUE,1.0880059464075353,1,TRUE,0.007176043887162335,TRUE,TRUE
1503297,10485,0.2723493232330685,0.21297740070411292,0.3307758121253048,TRUE,1.2922449022637934,1,TRUE,1.0773236084961897,1,TRUE,0.010151657611231133,TRUE,TRUE
1503297,10486,-0.11197875566467576,-0.15715617527799933,-0.06778194594478586,TRUE,1.1735642617379483,1,TRUE,1.0835563173313019,1,TRUE,0.017356052069352434,TRUE,TRUE
1503297,10487,-0.10650150017257533,-0.15400648763364685,-0.0596199893939942,TRUE,1.1460916908727623,1,TRUE,1.0774914449067015,1,TRUE,0.01934501807498427,TRUE,TRUE
1503297,10488,-0.06024489159119344,-0.11738176282010934,-0.004012063632530509,TRUE,1.0983319646604988,1,TRUE,1.0707861402916834,1,TRUE,0.027140109239415188,TRUE,TRUE
1503297,10489,0.056662565194210146,0.012156445096289015,0.10064968039394682,TRUE,1.2020833998087037,1,TRUE,1.0755825386634836,1,TRUE,0.02086494362183927,TRUE,TRUE
1503297,10490,0.060705432188597086,0.01354408237578197,0.10727007020603425,TRUE,1.2051717102229993,1,TRUE,1.0747478668831796,1,TRUE,0.02331565310384922,TRUE,TRUE
1503297,10491,0.10843211820263943,0.052555749377335106,0.16347840759963922,TRUE,1.1233968014433908,1,TRUE,1.0624754010588207,1,TRUE,0.032802567580823054,TRUE,TRUE
1503297,10492,-0.03985061799960024,-0.08538257398473657,0.005040147276844695,TRUE,1.2712733424155254,1,TRUE,1.4,0,FALSE,0.018638048140944205,TRUE,FALSE
1503297,10493,-0.013711229947106739,-0.06146828220597509,0.03341417930979103,TRUE,1.2547464188234994,1,TRUE,1.2,1,TRUE,0.020853220600936407,TRUE,TRUE
1503297,10494,0.044741501318724446,-0.012437213366867171,0.1010704231298799,TRUE,1.1835616336544972,1,TRUE,1.0909431919828214,1,TRUE,0.02940982963340439,TRUE,TRUE
1503297,10495,-0.03709218936358488,-0.08109680359820283,0.006440196700215832,TRUE,1.240713469684285,1,TRUE,1.0840801476045252,1,TRUE,0.027296456059007466,TRUE,TRUE
1503297,10496,0.013927462403079344,-0.03219624838750058,0.05946538528509414,TRUE,1.1946196754728082,1,TRUE,1.0807206682490793,1,TRUE,0.030269198839181687,TRUE,TRUE
1503297,10497,0.021519470912176562,-0.03328876696492084,0.07554969806647868,TRUE,1.0804550162644968,1,TRUE,1.0743373821137685,1,TRUE,0.041539447965338136,TRUE,TRUE
1503297,10498,0.5946699182298614,0.5075856043571155,0.6796441611208011,FALSE,1.3102933117875966,1,TRUE,1.089969484647863,1,TRUE,0.0024983193015950486,TRUE,FALSE
1503297,10499,0.5893968752634171,0.5026749086529115,0.6739919200339586,FALSE,1.2674505101134435,1,TRUE,1.0768953125773244,1,TRUE,0.0027728533115141596,TRUE,FALSE
1503297,10500,0.5665908970966228,0.48064093624336124,0.6508602192940851,FALSE,1.1056731517718164,1,TRUE,1.0691206777737405,1,TRUE,0.003860821424897304,TRUE,FALSE
1503297,10504,-0.05532061142960232,-0.09901742964408411,-0.011855607217612887,TRUE,1.560570016923495,1,TRUE,1.0977837564362387,1,TRUE,0.04111586411822547,TRUE,TRUE
1503297,10505,-0.05543586514559121,-0.10227961316597704,-0.009199355475908447,TRUE,1.4897564957561162,1,TRUE,1.0925914368669043,1,TRUE,0.04546857393039397,TRUE,TRUE
1503297,10506,0.012390017256080993,-0.041848190159766624,0.06584026994818643,TRUE,1.3416933559468387,1,TRUE,1.0873995163742727,1,TRUE,0.061673975611331616,TRUE,TRUE
1503297,10507,1.0493750561101913,1.0079623635610109,1.0904082615111452,FALSE,2.0292957687354582,0.2496466335249514,TRUE,1.0712051561902287,1,TRUE,0.016177051109978684,TRUE,FALSE
1503297,10508,1.03644965882728,0.9934128677625294,1.0790820287199008,FALSE,1.891001603680075,1,TRUE,1.0667732093548563,1,TRUE,0.017764683083680836,TRUE,FALSE
1503297,10509,0.9446470397619202,0.8944321484327766,0.9942778470962383,FALSE,1.6839413245532793,1,TRUE,1.0616277198002704,1,TRUE,0.024026450963082053,TRUE,FALSE
1503297,10510,-0.0924949183575062,-0.13751612900111768,-0.048010985777063045,TRUE,1.2736608140651866,1,TRUE,1.0803966371053197,1,TRUE,0.03318512085477569,TRUE,TRUE
1503297,10511,-0.07326447741031983,-0.12126160915983716,-0.02586266644541646,TRUE,1.2146624524031089,1,TRUE,1.07572747447169,1,TRUE,0.03696663245458526,TRUE,TRUE
1503297,10512,-0.0013600599998555174,-0.05835649078605506,0.054657122540965185,TRUE,1.1574166817970246,1,TRUE,1.066338783755134,1,TRUE,0.05105854093846371,TRUE,TRUE
1503297,10513,-0.12028018555643948,-0.16496575443142225,-0.07616390410671738,TRUE,1.201840403786063,1,TRUE,1.0857644999811287,1,TRUE,0.016132910347599533,TRUE,TRUE
1503297,10514,-0.12329435778604127,-0.17105316997989203,-0.07616168241682608,TRUE,1.186692158458767,1,TRUE,1.084999226406894,1,TRUE,0.017999741615049487,TRUE,TRUE
1503297,10515,-0.035246387908253275,-0.09164060856145852,0.020052523466455818,TRUE,1.1140865922997916,1,TRUE,1.0760196283070746,1,TRUE,0.025310241374607936,TRUE,TRUE
1503297,10516,0.9922561367843981,0.9568656849071995,1.0273989374860066,FALSE,1.8463290409416617,1,TRUE,1.0791785051209586,1,TRUE,0.025311078733243855,TRUE,FALSE
1503297,10517,0.9762905324521598,0.9399789126855774,1.0123079419569039,FALSE,1.795103975638333,1,TRUE,1.0787527919900795,1,TRUE,0.02708352772015953,TRUE,FALSE
1503297,10518,0.9270321640700822,0.8862655446561634,0.9674400385760433,FALSE,1.6640668167473316,1,TRUE,1.0757252288870862,1,TRUE,0.034029656850431,TRUE,FALSE
1503297,10519,0.6195678891258241,0.5756343812325923,0.6629279798107517,FALSE,1.6091074026504981,1,TRUE,1.0739432750783418,1,TRUE,0.05465523552505975,TRUE,FALSE
1503297,10520,0.5924413530376599,0.546206476263852,0.6381762624116573,FALSE,1.6498393636944597,1,TRUE,1.070600776249909,1,TRUE,0.05988944473552626,TRUE,FALSE
1503297,10521,0.5819786116110457,0.5292204256550542,0.6344640698196162,FALSE,1.3496658895239513,1,TRUE,1.0590804244908842,1,TRUE,0.07913697034075712,TRUE,FALSE
1503297,10522,0.023676479174111666,-0.55297288712816,0.5234882102248639,TRUE,1.7574106570335473,1,TRUE,1.2508594974439249,0.9872356034149808,TRUE,1.5383474368452154e-4,TRUE,TRUE
1503297,10523,0.02436766163842834,-0.5506915710263757,0.5222493269457473,TRUE,1.743607405456607,1,TRUE,1.2516426719129239,0.9737271878803743,TRUE,1.6615587789875616e-4,TRUE,TRUE
1503297,10524,0.0353417139007319,-0.5366090076817008,0.5290846557520867,TRUE,1.9473614540284734,1,TRUE,1.1538624310206345,1,TRUE,2.1591890540479113e-4,TRUE,TRUE
739138,10525,-0.04891992886634071,-0.12020355022104166,0.02082145968740888,TRUE,1.5109180980501649,1,TRUE,1.1510285140258378,1,TRUE,0.08671135237046868,TRUE,TRUE
739138,10526,-0.0229938461300753,-0.09384012565187155,0.04641808472604121,TRUE,1.6472382682245383,1,TRUE,1.1423908199382977,1,TRUE,0.08868786284735995,TRUE,TRUE
739138,10527,0.062421698190740504,-0.01120111771411589,0.13464194405694563,TRUE,1.5329616107694275,1,TRUE,1.1358542297583707,1,TRUE,0.0957976087496953,TRUE,TRUE
739138,10528,-0.08609510619400562,-0.16059431634622576,-0.013164498746099299,TRUE,1.2641591490540083,1,TRUE,1.1529389578446207,1,TRUE,0.11512494602309109,FALSE,FALSE
739138,10529,-0.09780258018411365,-0.17395842276934445,-0.02329216260994681,TRUE,1.2873258011176332,1,TRUE,1.1504028932315133,1,TRUE,0.1175489893634682,FALSE,FALSE
739138,10530,-0.0012742825969690908,-0.07940021677534638,0.0751247453199369,TRUE,1.2133484317584216,1,TRUE,1.138814396353026,1,TRUE,0.12635242208561662,FALSE,FALSE
739138,10531,0.17268356668609597,0.10297475837574124,0.2411108081440522,TRUE,1.6272755184153704,1,TRUE,1.0787815160814629,1,TRUE,0.0932386173243394,TRUE,TRUE
739138,10532,0.17115871025407797,0.10057420030964508,0.24038409157083518,TRUE,1.5637372855824765,1,TRUE,1.0837117267889949,1,TRUE,0.09547246849808548,TRUE,TRUE
739138,10533,0.2069502758889833,0.1322968435191558,0.27999368233380795,TRUE,1.3731753581761346,1,TRUE,1.0807913526902926,1,TRUE,0.10341794389154378,FALSE,FALSE
739138,10534,-0.17430423400415143,-0.25217834216098733,-0.0981698999574029,TRUE,1.5972161334102897,1,TRUE,1.084668121572717,1,TRUE,0.07375010497770566,TRUE,TRUE
739138,10535,-0.14512575321770746,-0.22382913709528515,-0.06816157601224924,TRUE,1.4757101346280501,1,TRUE,1.094630980815159,1,TRUE,0.07580473839834759,TRUE,TRUE
739138,10536,-0.09737729662813091,-0.18016441633869087,-0.016594734731652634,TRUE,1.3839921585557842,1,TRUE,1.087525277648979,1,TRUE,0.08307249725476906,TRUE,TRUE
739138,10537,0.060588338137467175,-0.00698013969782467,0.12689151890059414,TRUE,1.5290381586134145,1,TRUE,1.0753366910265534,1,TRUE,0.0318111976777397,TRUE,TRUE
739138,10538,0.11358396024644762,0.046443774000758616,0.17955195046914169,TRUE,1.468230128419304,1,TRUE,1.069467458677823,1,TRUE,0.03273741957870715,TRUE,TRUE
739138,10539,-0.003338054614884499,-0.07734826909107234,0.06905476567751986,TRUE,1.3679665504201146,1,TRUE,1.0678768876665576,1,TRUE,0.03617799122288727,TRUE,TRUE
739138,10540,-0.030066745238902494,-0.1005072233749406,0.03911862756737684,TRUE,1.7874969945176564,1,TRUE,1.1331130388087576,1,TRUE,0.07117046677435852,TRUE,TRUE
739138,10541,-0.044436377592136145,-0.11672377006904074,0.026661826555281695,TRUE,1.7806547503090644,1,TRUE,1.1327776184232659,1,TRUE,0.07299863666162805,TRUE,TRUE
739138,10542,0.018093390402711726,-0.05723374138381866,0.09182248980042221,TRUE,1.581770048496404,1,TRUE,1.1342047232447439,1,TRUE,0.07966540687219635,TRUE,TRUE
739138,10543,0.1498165689918866,-0.26168947865571096,0.5197505635493177,TRUE,1.7994770738793404,1,TRUE,1.2692068712007272,0.5108719096677389,TRUE,2.602238054932148e-4,TRUE,TRUE
739138,10544,0.15147165025518458,-0.2587580396224953,0.5198427021122661,TRUE,1.867749189022312,1,TRUE,1.271276725972251,0.452284476965803,TRUE,2.7436033817190267e-4,TRUE,TRUE
739138,10545,0.18595593598944374,-0.22151148188792363,0.5512237408061109,TRUE,1.7544072719078943,1,TRUE,1.2072409453604038,1,TRUE,3.3062745837325895e-4,TRUE,TRUE
739138,10546,0.5891922842430509,0.5257978264570414,0.65154452249045,FALSE,1.415692699583954,1,TRUE,1.0775985780360902,1,TRUE,0.047199278516013764,TRUE,FALSE
739138,10547,0.568823849867433,0.5044349993568601,0.6321291486818625,FALSE,1.3526687572478433,1,TRUE,1.0711756358711293,1,TRUE,0.048619907046717425,TRUE,FALSE
739138,10548,0.4716638173954067,0.40093218830927513,0.5411486258998236,FALSE,1.265441105523142,1,TRUE,1.0698353426644798,1,TRUE,0.0538467970011578,TRUE,FALSE
739138,10549,-0.23619000566074494,-0.3158024732496292,-0.1583314211638627,TRUE,1.554701996492997,1,TRUE,1.0964703073165312,1,TRUE,0.047498098775859976,TRUE,TRUE
739138,10550,-0.2178308780159811,-0.297283484686942,-0.14030703284790522,TRUE,1.353486330639891,1,TRUE,1.094787567115226,1,TRUE,0.04872807012241028,TRUE,TRUE
739138,10551,-0.20160261261285606,-0.2864429945775602,-0.11884876289892819,TRUE,1.3067062466923123,1,TRUE,1.0896595908503182,1,TRUE,0.053357040546644835,TRUE,TRUE
739138,10552,-0.03588500278658991,-0.10950137289032646,0.03622953977435201,TRUE,1.3635764908872903,1,TRUE,1.080501825044526,1,TRUE,0.010932375942857902,TRUE,TRUE
739138,10553,-0.027511878973980396,-0.10219446671635002,0.04564619337150845,TRUE,1.3006736125796163,1,TRUE,1.0802347768197818,1,TRUE,0.011234637332369322,TRUE,TRUE
739138,10554,-0.04506208186046895,-0.12363570506862535,0.03169198054748069,TRUE,1.210948016935366,1,TRUE,1.075520107692178,1,TRUE,0.012429360350727376,TRUE,TRUE
739138,10555,1.031467106927783,0.9136736230910386,1.1461925326286595,FALSE,1.4804156063958975,1,TRUE,1.121893284954363,1,TRUE,0.002599447949798196,TRUE,FALSE
739138,10556,1.0038297052139185,0.8865225077464793,1.1180815074386874,FALSE,1.5647649652215185,1,TRUE,1.120075641586539,1,TRUE,0.002643903624932491,TRUE,FALSE
739138,10557,0.9859289780778983,0.8701832167579261,1.0985714974591234,FALSE,1.336366181713518,1,TRUE,1.1081828276616459,1,TRUE,0.002811216929465119,TRUE,FALSE
739138,10558,-0.22076996981448527,-0.2981406460509458,-0.14506626506369527,TRUE,1.427317130223947,1,TRUE,1.0934216118152376,1,TRUE,0.026828255915511152,TRUE,TRUE
739138,10559,-0.2859264294027189,-0.36746057625622963,-0.20652837655266684,TRUE,1.5303480977379489,1,TRUE,1.0976183209364496,1,TRUE,0.027556194344959112,TRUE,TRUE
739138,10560,-0.2010822938990539,-0.28383447536609085,-0.12028910872900095,TRUE,1.3205269363377747,1,TRUE,1.0941081368060592,1,TRUE,0.030446836267237386,TRUE,TRUE
739138,10561,0.9036754151297822,0.8501758192514841,0.956505065565308,FALSE,1.862765276019156,1,TRUE,1.067933938953345,1,TRUE,0.01700159863723825,TRUE,FALSE
739138,10562,0.8610967284858232,0.8063140460788253,0.9151713404065613,FALSE,1.8616039257392765,1,TRUE,1.0616682805102067,1,TRUE,0.017567059944385763,TRUE,FALSE
739138,10563,0.8235275799742585,0.7652217045865782,0.8808107619790644,FALSE,1.6893242009008897,1,TRUE,1.0651758468503678,1,TRUE,0.01968195963592104,TRUE,FALSE
739138,10564,-5.218698072862353e-4,-0.07281809113033427,0.07078918900747047,TRUE,1.6408254509156301,1,TRUE,1.0761876736166718,1,TRUE,0.10225791118035119,FALSE,FALSE
739138,10565,0.025380970165780087,-0.047046598013605063,0.09633840009784342,TRUE,1.6015510106944462,1,TRUE,1.0729468445173904,1,TRUE,0.10469283593075071,FALSE,FALSE
739138,10566,0.06090848769199927,-0.014826311292544109,0.13510316418334567,TRUE,1.4889600102634664,1,TRUE,1.071738208988879,1,TRUE,0.11351124221711799,FALSE,FALSE
739138,10567,-0.056722398448215826,-0.1289408525056518,0.014096666351769985,TRUE,1.5119479337789692,1,TRUE,1.0795519855437306,1,TRUE,0.015261131054679272,TRUE,TRUE
739138,10568,-0.0813346041494395,-0.15513536982320503,-0.008613800223773112,TRUE,1.4888122309481868,1,TRUE,1.0806663608787601,1,TRUE,0.01573200779778583,TRUE,TRUE
739138,10569,-0.07899575278872802,-0.15747183616928237,-0.002297715279999382,TRUE,1.3392120093859032,1,TRUE,1.0731211049349827,1,TRUE,0.017619141906886193,TRUE,TRUE
739138,10570,0.36902519815845997,0.30695468257979763,0.4301030556463554,FALSE,1.6291610394130955,1,TRUE,1.1136896378887287,1,TRUE,0.027778565724135052,TRUE,FALSE
739138,10571,0.34746068612787406,0.28440361497178973,0.40934666923335533,FALSE,1.5362576185324563,1,TRUE,1.1101591662596628,1,TRUE,0.028709995821352544,TRUE,FALSE
739138,10572,0.3633526994300047,0.2972142958785693,0.4281791771979694,FALSE,1.4700816292219665,1,TRUE,1.1005302274510143,1,TRUE,0.03231825278408316,TRUE,FALSE
739138,10573,0.6562231949337608,0.5978423375041949,0.713685417571889,FALSE,1.2416638396427322,1,TRUE,1.0775404691006487,1,TRUE,0.06702492856633331,TRUE,FALSE
739138,10574,0.6562447217966285,0.5964837651691054,0.7150332547847227,FALSE,1.2437795233987463,1,TRUE,1.0802943476995759,1,TRUE,0.06907621386081449,TRUE,FALSE
739138,10575,0.6960977330420647,0.6335527236481427,0.7575285269322529,FALSE,1.1826008348009418,1,TRUE,1.0719179609603913,1,TRUE,0.07662149517455967,TRUE,FALSE
739138,10576,0.6758987759413475,0.5806124155945614,0.7692311716837805,FALSE,1.1377265862919723,1,TRUE,1.0985794107995615,1,TRUE,0.004187110774521095,TRUE,FALSE
739138,10577,0.6815333664007429,0.5865545503040696,0.7743554724287723,FALSE,1.111184964890015,1,TRUE,1.0947848709979753,1,TRUE,0.004285601485749585,TRUE,FALSE
739138,10578,0.6691118581787261,0.5750925368516442,0.7609354382988653,FALSE,1.1548664694973068,1,TRUE,1.0927645013883516,1,TRUE,0.004691561782739535,TRUE,FALSE
739138,10579,-0.012443890870901931,-0.08409067721534316,0.0577180586265466,TRUE,1.5667718201588046,1,TRUE,1.092040575327577,1,TRUE,0.024793990262347076,TRUE,TRUE
739138,10580,-0.04562543080118823,-0.11971216591441676,0.027375258480712934,TRUE,1.3984272848064396,1,TRUE,1.0907520506787716,1,TRUE,0.025573824647286535,TRUE,TRUE
739138,10581,-0.06206900363318646,-0.14216874066122817,0.016258257091274497,TRUE,1.2358703618387914,1,TRUE,1.0808667723399128,1,TRUE,0.028546681667511915,TRUE,TRUE
739138,10582,0.3537979386229487,0.28690171572866335,0.4194698106740265,FALSE,1.075480149716178,1,TRUE,1.087438977095411,1,TRUE,0.02017720329719744,TRUE,FALSE
739138,10583,0.3981498173059534,0.33079504969503803,0.4643515751515228,FALSE,1.1362509284340874,1,TRUE,1.0852775359607145,1,TRUE,0.020797164657961477,TRUE,FALSE
739138,10584,0.40059152099288775,0.32926023007284655,0.4705498661710483,FALSE,1.0657430965755328,1,TRUE,1.0769027986383275,1,TRUE,0.02326417561740144,TRUE,FALSE
739138,10585,1.0233391927049305,0.9644535683444373,1.0814469322196716,FALSE,1.711278570981032,1,TRUE,1.0739462406849696,1,TRUE,0.009619817484342628,TRUE,FALSE
739138,10586,1.0120993411563242,0.9518558977136096,1.0715142759869873,FALSE,1.6716088536116762,1,TRUE,1.071730851799685,1,TRUE,0.009965139496421365,TRUE,FALSE
739138,10587,0.9677451211489313,0.9034063505235339,1.0311121723649415,FALSE,1.4831672350828566,1,TRUE,1.0661994526425598,1,TRUE,0.01133070995248172,TRUE,FALSE
739138,10588,0.23849783241738007,0.1714423465638648,0.30437003124356043,TRUE,1.0651727877486843,1,TRUE,1.0853933126944595,1,TRUE,0.019767522860028888,TRUE,TRUE
739138,10589,0.29720937630993444,0.23080746278703346,0.36289944084228226,FALSE,1.0322202465829504,1,TRUE,1.0857139665439453,1,TRUE,0.02042198852094946,TRUE,FALSE
739138,10590,0.3261506318741297,0.256022026396606,0.3948942625306781,FALSE,1.0483615623289009,1,TRUE,1.0815026574766968,1,TRUE,0.023020320428694074,TRUE,FALSE
739138,10591,-0.09864610454423292,-0.1719305931884011,-0.026477533199586532,TRUE,1.3356761409291282,1,TRUE,1.0947885304088893,1,TRUE,0.015259177981085505,TRUE,TRUE
739138,10592,-0.11922919547467017,-0.19453114640674646,-0.0454554848738415,TRUE,1.259039597710805,1,TRUE,1.091944385108153,1,TRUE,0.015708942928678495,TRUE,TRUE
739138,10593,-0.14008762781782597,-0.22101533601063686,-0.061223217339899896,TRUE,1.2292692678521098,1,TRUE,1.0840281618989038,1,TRUE,0.017467081177085834,TRUE,TRUE
739138,10594,-0.18961462963669654,-0.2665987094766603,-0.11376877778201791,TRUE,1.442715941298607,1,TRUE,1.0877372661129026,1,TRUE,0.029148135330887403,TRUE,TRUE
739138,10595,-0.17382713317203322,-0.25198695931975645,-0.09741069216437545,TRUE,1.4225662657802545,1,TRUE,1.0879115325020565,1,TRUE,0.03002441434995712,TRUE,TRUE
739138,10596,-0.18620082436066643,-0.2706638243844944,-0.10382062521681303,TRUE,1.3779064353935304,1,TRUE,1.085726648135743,1,TRUE,0.03343652692177094,TRUE,TRUE
739138,10597,-0.2502572595089654,-0.32799326187892974,-0.17416106177645896,TRUE,1.3687895939074803,1,TRUE,1.1099218025140902,1,TRUE,0.023295703805415093,TRUE,TRUE
739138,10598,-0.19590477086072589,-0.27292963871186054,-0.12059465000940109,TRUE,1.3609771965901039,1,TRUE,1.1023147328683718,1,TRUE,0.0239575167431884,TRUE,TRUE
739138,10599,-0.22713469534842903,-0.30990737059392637,-0.14646588439496397,TRUE,1.2781454654962006,1,TRUE,1.0917343212662485,1,TRUE,0.02643847822829812,TRUE,TRUE
1124300,133141,-0.10074953293577325,-0.18073374728949884,-0.02229794570111536,TRUE,1.4708529199688507,1,TRUE,1.0842688739842177,1,TRUE,0.011588819651708096,TRUE,TRUE
739138,133141,-0.008016184984827472,-0.07985392417523988,0.06286717597607615,TRUE,1.398139006304317,1,TRUE,1.0795520113017327,1,TRUE,0.010625557381627697,TRUE,TRUE
1503297,133834,-0.11959745187183303,-0.17446129040383432,-0.06553889630622538,TRUE,0.9968394997582873,1,TRUE,3.1,0,FALSE,0.007797244372351853,TRUE,FALSE
1503297,134438,-0.07739792169636624,-0.12011418690533036,-0.03514531329270247,TRUE,1.5911332516539776,1,TRUE,1.1681697019429336,1,TRUE,0.020254509176254425,TRUE,TRUE
1124300,134898,0.07875593336064415,0.005260131241779069,0.1507043923488764,TRUE,1.4018186957417833,1,TRUE,1.0900860360862088,1,TRUE,0.017800769824178296,TRUE,TRUE
1797513,134898,0.20873281218216233,0.1276771620002256,0.28782748738660197,TRUE,1.4264876372279505,1,TRUE,1.099790330185471,1,TRUE,0.008105526708324024,TRUE,TRUE
1503297,135777,-0.04683463719086866,-0.08792786754078914,-0.006193207378448723,TRUE,1.2554793268476148,1,TRUE,1.0950206039657124,1,TRUE,0.024295960821185653,TRUE,TRUE
1797513,135777,0.07881687114207833,0.010962085459827397,0.14526868852372868,TRUE,1.723210959987704,1,TRUE,1.1123854784651204,1,TRUE,0.014161329740781109,TRUE,TRUE
739138,135777,-0.033496157744775525,-0.10428077821463128,0.03593476861807896,TRUE,1.3413670250467542,1,TRUE,1.0925624707935773,1,TRUE,0.02401675997553264,TRUE,TRUE
1797513,136661,0.19005875440082082,0.08708932359633355,0.28997920998438187,TRUE,1.394122124457955,1,TRUE,1.092018746821021,1,TRUE,0.00507952922220793,TRUE,TRUE
739138,137053,-0.16729617565596805,-0.24233882815235736,-0.09384908490790975,TRUE,1.2934890671390082,1,TRUE,1.097895796157173,1,TRUE,0.01480104271809066,TRUE,TRUE
1503297,138102,-0.09936572079370327,-0.14228156698616734,-0.05695378297552052,TRUE,1.51723142849559,1,TRUE,1.0938379014625996,1,TRUE,0.06849868773939485,TRUE,TRUE
739138,138102,-0.17287747289505348,-0.248500108569906,-0.09888821484426147,TRUE,1.556580684001595,1,TRUE,1.0960380336619187,1,TRUE,0.07167752188070199,TRUE,TRUE
1124300,139099,-0.04868920011439547,-0.12790256155295,0.029213520068637283,TRUE,1.280465103089103,1,TRUE,1.0942544050062215,1,TRUE,0.016812879324243406,TRUE,TRUE
1503297,139099,0.042963766359648665,0.0011623823424005732,0.08431399120777176,TRUE,1.290162611154488,1,TRUE,1.0851608431826758,1,TRUE,0.01837499790660341,TRUE,TRUE
739138,139099,-0.07747543796925907,-0.1492847631296761,-0.007124923575068564,TRUE,1.5753298929762662,1,TRUE,1.080615492953269,1,TRUE,0.01479220738516648,TRUE,TRUE
1124300,140641,-0.0727478290632148,-0.16715520107567852,0.01918936115263859,TRUE,1.6822966011977043,1,TRUE,1.0961775800735083,1,TRUE,0.02337662405742713,TRUE,TRUE
1503297,140641,-0.1461248697131956,-0.18825195518578863,-0.10442089308539382,TRUE,1.2454878282951882,1,TRUE,1.0964356518731173,1,TRUE,0.01423282398003737,TRUE,TRUE
1797513,140641,0.04311756324947426,-0.04976973623501103,0.13343991298959818,TRUE,2.7743988604369116,8.389669355410889e-18,FALSE,1.1228577794349084,1,TRUE,0.04114425721951803,TRUE,FALSE
739138,140641,-0.2524470049062686,-0.32908514807086925,-0.17736941945815604,TRUE,1.5376555221372614,1,TRUE,1.106094322179062,1,TRUE,0.022649887470409774,TRUE,TRUE
1124300,141216,-0.09446669879612073,-0.3729549646794733,0.162813397289932,TRUE,2.635840783386857,5.782293657440969e-7,FALSE,1.1054943330542906,1,TRUE,0.0015088330227846062,TRUE,FALSE
1503297,141932,-0.11921416838995952,-0.1614718309815335,-0.07748310247540414,TRUE,1.2569648401927498,1,TRUE,1.0840183886673673,1,TRUE,0.029369995286867106,TRUE,TRUE
1797513,141932,0.09891028617511567,0.035101774482388916,0.16156459827438657,TRUE,1.513564728926812,1,TRUE,1.1014236707902825,1,TRUE,0.013760637181561541,TRUE,TRUE
739138,141932,-0.2401015791980325,-0.31680512532161836,-0.1649646527092837,TRUE,1.3901575263992079,1,TRUE,1.0938044108434013,1,TRUE,0.02823716600465222,TRUE,TRUE
1797513,192367,0.5293609508987259,0.40321252597232526,0.650965258199904,FALSE,1.8595486825828258,1,TRUE,1.1357476371254633,1,TRUE,0.003144752549425801,TRUE,FALSE
1503297,194696,0.3834490297081774,0.3193896689435818,0.4465358063011913,FALSE,1.6126681213828857,1,TRUE,1.0968259630365613,1,TRUE,0.004402831707661353,TRUE,FALSE
1503297,197610,0.611149130457674,0.5750449044972011,0.6469509465878595,FALSE,1.3504574352307268,1,TRUE,1.0787796643031096,1,TRUE,0.016219995645735095,TRUE,FALSE
1124300,198075,0.012283989184445778,-0.09095461479450331,0.11246939230186821,TRUE,1.904714309149019,1,TRUE,1.1684799130631367,1,TRUE,0.003205642202870876,TRUE,TRUE
739138,198678,0.36420356879223525,0.30287411132492287,0.42457712002726566,FALSE,1.701152837429828,1,TRUE,1.1139569800510367,1,TRUE,0.026817188498479812,TRUE,FALSE
1503297,201061,0.6392785661615842,0.597687077633786,0.6804611708406512,FALSE,1.7183366984549724,1,TRUE,1.073442660509727,1,TRUE,0.049294944028556324,TRUE,FALSE
739138,201061,0.5613303105754768,0.49834987677053166,0.6232901446494626,FALSE,1.3806401997179398,1,TRUE,1.0792488851347117,1,TRUE,0.045764420449126944,TRUE,FALSE
739138,201093,-0.04555253250794723,-0.1172250412888965,0.024693809416562,TRUE,1.7897058097459921,1,TRUE,1.0794782519337114,1,TRUE,0.09967269276673614,TRUE,TRUE
1503297,201606,0.647079247200011,0.5727423832097898,0.7201259719494912,FALSE,1.4809758146121048,1,TRUE,1.0904050091869302,1,TRUE,0.0036002832664642653,TRUE,FALSE
1503297,256439,-0.2722041829734934,-0.31719915828471146,-0.22772635219463028,FALSE,1.048253284956933,1,TRUE,1.2081923146114961,1,TRUE,0.013642725387039124,TRUE,FALSE
739138,257007,-0.12679126384215542,-0.20013959160195327,-0.055065247885223316,TRUE,1.4334804949068767,1,TRUE,1.1591177887116877,1,TRUE,0.11257804505331566,FALSE,FALSE
1503297,257012,0.10777993139603118,0.06781972053726411,0.14730833987152928,TRUE,1.5934869937096425,1,TRUE,1.1404390194660887,1,TRUE,0.05290252427741931,TRUE,TRUE
739138,257012,0.005618342166923889,-0.06252832987047217,0.07246345682160239,TRUE,1.6636868396239326,1,TRUE,1.1413058121113726,1,TRUE,0.0692909589526243,TRUE,TRUE
1124300,260134,0.1462961724931366,-0.42026487377935157,0.6321616053417372,TRUE,3.200999844830184,1.6335340382160075e-16,FALSE,1.2799916083224059,6.974944152575109e-4,FALSE,9.468266868129811e-4,TRUE,FALSE
1503297,260134,0.0010703695299023497,-0.5781875282875175,0.5042994787374171,TRUE,1.8876850754194718,1,TRUE,1.2788481300042271,0.615805382395741,TRUE,1.409154961589163e-4,TRUE,TRUE
739138,260134,0.11497155869946969,-0.29874035228908097,0.487605779169452,TRUE,1.9147516533575557,1,TRUE,1.2955946113692327,0.13257902794264056,TRUE,2.4664529384131725e-4,TRUE,TRUE
1503297,260139,0.08684241090759966,0.04762044903216595,0.12566953901794328,TRUE,1.6077599408164158,1,TRUE,1.1650628613490726,1,TRUE,0.07878994499749989,TRUE,TRUE
739138,260139,-0.04667238908264537,-0.11589380042157131,0.021641285645568453,TRUE,1.981278794133727,1,TRUE,1.1465896467857706,1,TRUE,0.08466555428275092,TRUE,TRUE
1124300,261880,0.5983455505278462,0.5349024495350012,0.6606862759901917,FALSE,1.882541213066876,1,TRUE,1.076466397857636,1,TRUE,0.02588011874082098,TRUE,FALSE
1797513,313459,0.6282202487016947,0.5752112937827398,0.6804777338740738,FALSE,1.629423913698642,1,TRUE,1.1040646171960895,1,TRUE,0.03977871503072399,TRUE,FALSE
1797513,321596,0.33392090741287045,0.256037998787456,0.41005638383817145,FALSE,1.2250427004664566,1,TRUE,1.0952464476887809,1,TRUE,0.006179494470132396,TRUE,FALSE
739138,321596,0.37597873154771944,0.31034174402075715,0.4405436555038093,FALSE,1.1357224402380943,1,TRUE,1.0883780739466007,1,TRUE,0.019533340035785888,TRUE,FALSE
1503297,372328,-0.0685344345528362,-0.10992383736228412,-0.027564847046171365,TRUE,1.687447538973512,1,TRUE,1.104881411665458,1,TRUE,0.03665513504202344,TRUE,TRUE
1797513,372409,0.10386501184017578,0.03863702991689715,0.167892319899816,TRUE,1.500704066592226,1,TRUE,1.097556472471426,1,TRUE,0.02636235470134653,TRUE,TRUE
1124300,373478,0.032574527156883075,-0.04355178090979051,0.10668100483480304,TRUE,1.3034911415175523,1,TRUE,1.7000000000000002,0,FALSE,0.019609237628030088,TRUE,FALSE
1797513,373478,0.17580360691493388,0.09308351781750455,0.25650347565622655,TRUE,1.326667150979122,1,TRUE,2,0,FALSE,0.0076804343558116075,TRUE,FALSE
739138,374919,0.673316979506523,0.5774278135423583,0.7673070221905717,FALSE,1.1544059903724149,1,TRUE,1.0998341955133604,1,TRUE,0.004085271937131863,TRUE,FALSE
1797513,375519,1.32129635231628,1.1635388728211888,1.4728858094591237,FALSE,3.174724880479142,3.3620576667745893e-19,FALSE,1.0870633745783758,1,TRUE,0.00119798753889863,TRUE,FALSE
1797513,378424,0.0448096637563634,-0.03613606472262598,0.12377716872845414,TRUE,2.0099235831065445,0.443741557459271,TRUE,2.7,0,FALSE,0.01767997738858462,TRUE,FALSE
1503297,379805,-0.055101645444088354,-0.09762931594396239,-0.013059777906372224,TRUE,1.2508708899573977,1,TRUE,1.6,0,FALSE,0.016415339453228737,TRUE,FALSE
1797513,381549,0.173158852954213,0.08937422667733913,0.2548540472031097,TRUE,1.7276672110874758,1,TRUE,1.1154380889919582,1,TRUE,0.0096269172878036,TRUE,TRUE
1124300,381581,-0.17090893125720144,-0.27603657755603034,-0.06881252129822493,TRUE,1.8431971630509796,1,TRUE,1.0911443266628194,1,TRUE,0.00292767513596163,TRUE,TRUE
1386957,4,1.8981773901022843,1.8471437943296356,1.9486933388341634,FALSE,1.6532935476996353,1,TRUE,1.0816182809813657,1,TRUE,0.007774578414040613,TRUE,FALSE
1347384,4,0.5118655992114464,0.2665596045671573,0.7423961666595235,FALSE,1.90081658260567,1,TRUE,1.0851693448907196,1,TRUE,0.007774578414040613,TRUE,FALSE
989482,4,0.5619104634965416,0.29508565460045555,0.813310284469271,FALSE,1.2807620187526947,1,TRUE,1.0990460816793512,1,TRUE,0.0069120992318008395,TRUE,FALSE
1338005,4,0.8947772573672581,0.649382690902013,1.1269806048210065,FALSE,1.871365838516051,1,TRUE,1.0875748495804427,1,TRUE,0.007774578414040613,TRUE,FALSE
1550023,4,1.8232139779103989,1.7797258690273345,1.8664495040594506,FALSE,1.6366562794518196,1,TRUE,1.0786348712896885,1,TRUE,0.007272938243604374,TRUE,FALSE
1524674,4,0.2522637825193584,0.01726624948300948,0.47272772079116937,TRUE,1.39867211941778,1,TRUE,1.094267238082143,1,TRUE,0.010295647200541803,TRUE,TRUE
1598819,4,0.3277947254181828,-0.5334354971862194,1.0138719591577474,TRUE,2.674427529288508,0.03279466183880824,FALSE,1,1,TRUE,0.004062104610719244,TRUE,FALSE
1513103,4,-87.00716102220731,NA,NA,TRUE,1.5383359209461922,1,TRUE,1,1,TRUE,0.0054543699915001655,TRUE,TRUE
965748,4,1.4419785371220528,1.3161527914989386,1.5641067578369816,FALSE,1.422577243306469,1,TRUE,1.0915027018308388,1,TRUE,0.007282817697659853,TRUE,FALSE
742185,4,NA,NA,NA,TRUE,NA,NA,TRUE,NA,1,TRUE,NA,TRUE,TRUE
753626,4,1.883404856049665,1.857575517102394,1.9091219645415831,FALSE,1.8739679399731668,1,TRUE,1.061045311258944,1,TRUE,0.005526305434344214,TRUE,FALSE
902427,4,0.5713220852779748,0.39415228050044715,0.741613073304803,FALSE,1.4174792791135424,1,TRUE,1.0993046413968957,1,TRUE,0.007228734930844562,TRUE,FALSE
915542,4,0.7217010602614816,0.5258873241256479,0.909718669975532,FALSE,1.4000893753495183,1,TRUE,1.0993881304557325,1,TRUE,0.007228734930844562,TRUE,FALSE
989878,4,1.7168489880701874,1.6915389122113906,1.7420469216767531,FALSE,1.9253993372090041,1,TRUE,1.0632318019015958,1,TRUE,0.005526305434344214,TRUE,FALSE
1103640,4,1.1688426142302353,0.9071925039575895,1.4168674431900399,FALSE,1.6258850878193323,1,TRUE,1.046338884075193,1,TRUE,0.008018255817382842,TRUE,FALSE
1363053,4,1.0457515801353279,0.8599349557958101,1.223888234758321,FALSE,1.889041526224864,1,TRUE,1.0838396492219569,1,TRUE,0.007774578414040613,TRUE,FALSE
916005,4,-0.04414028795279185,-0.3257156989222359,0.21721392255489333,TRUE,1.4852294941591766,1,TRUE,1.0891295827458516,1,TRUE,0.00638551556966063,TRUE,TRUE
981709,4,0.6670733333974364,0.44953271621176083,0.8746779888165546,FALSE,1.4056958618528395,1,TRUE,1.0994770245509105,1,TRUE,0.007228734930844562,TRUE,FALSE
924566,4,0.8767643497959222,0.7615392487549706,0.9892489011590849,FALSE,1.3864885171184658,1,TRUE,1.0834146757041916,1,TRUE,0.006385548580773717,TRUE,FALSE
1341238,4,0.510549645641165,0.18995623451542232,0.8073992802066425,TRUE,1.29541549340044,1,TRUE,1.0988456503821127,1,TRUE,0.0069120992318008395,TRUE,TRUE
1102527,4,1.7335964021164454,1.5790574726748647,1.882761528550044,FALSE,2.1341299605013764,0.1177992278006235,TRUE,1.043517555460188,1,TRUE,0.0018461283427403737,TRUE,FALSE
708298,4,1.7789467048142937,1.7312769331209756,1.8262189755548672,FALSE,1.3214612242561756,1,TRUE,1.0905491032234897,1,TRUE,0.007282817697659853,TRUE,FALSE
781182,4,1.3913502644086742,1.0860969410129626,1.6751436405087579,FALSE,1.4622971370326188,1,TRUE,1.0922845820623364,1,TRUE,0.007282817697659853,TRUE,FALSE
996416,4,0.6270932267294892,0.5030562183933125,0.7478246633259087,FALSE,1.2959269873728403,1,TRUE,1.097999903605218,1,TRUE,0.0069120992318008395,TRUE,FALSE
1114122,4,1.6002699439450223,1.4692462138583324,1.7270649822436153,FALSE,1.9858425011550593,1,TRUE,1.0685805160333193,1,TRUE,0.005526305434344214,TRUE,FALSE
1124300,4084966,-0.09540758116731372,-0.17343864165909925,-0.019081516233462742,TRUE,1.46287304352147,1,TRUE,1.0737846585834772,1,TRUE,0.019059768860532917,TRUE,TRUE
739138,4084966,0.045815590409584564,-0.021426264721584074,0.11217111585953313,TRUE,1.5151771693629421,1,TRUE,1.073373170153079,1,TRUE,0.030901716407575955,TRUE,TRUE
1797513,4242416,NA,NA,NA,TRUE,NA,NA,TRUE,1.385380394779069,0.11056359913604241,TRUE,7.39045762164919e-5,TRUE,TRUE
1503297,4311499,1.1116925867645528,1.0722446865732729,1.150828894071344,FALSE,2.1545339752335257,2.0320262855217508e-4,FALSE,1.0728635196102658,1,TRUE,0.014546953091169216,TRUE,FALSE
739138,4311499,1.0421933256682252,0.983806756750392,1.0998247642460581,FALSE,1.790410571553156,1,TRUE,1.075631841466132,1,TRUE,0.009267892223446872,TRUE,FALSE
739138,4324765,0.17945393523919909,0.11104153687725153,0.2465773581691889,TRUE,1.544777266222964,1,TRUE,1.083226195922348,1,TRUE,0.09092403910871766,TRUE,TRUE
1124300,433527,0.05486116383937118,-0.02745724861334313,0.1355619498535065,TRUE,1.763962041796776,1,TRUE,1.105230677194654,1,TRUE,0.006504245889064536,TRUE,TRUE
1797513,433736,0.5725003851757385,0.5086645301300948,0.6356485253751643,FALSE,2.62806010752318,3.7804251765413806e-14,FALSE,1.1290349139768099,1,TRUE,0.08631941670672182,TRUE,FALSE
1124300,433753,0.49399882193845623,0.41541569492471314,0.5709608602771459,FALSE,2.7501860999855046,4.75954522206163e-18,FALSE,1.0775465950159975,1,TRUE,0.01992403107202632,TRUE,FALSE
1503297,433753,1.0090763566172058,0.9746255100233302,1.0432962919812074,FALSE,2.0637310600403955,0.1133650254723274,TRUE,1.0875520263818865,1,TRUE,0.02351769578043021,TRUE,FALSE
1797513,433753,0.7861042682694401,0.7093550199296138,0.8611918678625554,FALSE,3.3489125116821006,1.1376008553587933e-46,FALSE,1.0922852685850588,1,TRUE,0.007939241411836918,TRUE,FALSE
739138,433811,0.893876442240292,0.840929044027889,0.9461761996423317,FALSE,2.0619562834680014,0.15702024028570508,TRUE,1.0637824438997703,1,TRUE,0.016451296901318538,TRUE,FALSE
1124300,436070,0.06879757061482263,-0.007623486493001575,0.14360048057958513,TRUE,1.4076278036106953,1,TRUE,1.0983701712832565,1,TRUE,0.1029627497482548,FALSE,FALSE
1124300,436373,0.693186708792423,0.4750830084634654,0.899691219217518,FALSE,2.228296508373756,0.019592888187341447,FALSE,1.0997925173665304,1,TRUE,9.315806540687839e-4,TRUE,FALSE
1797513,436373,0.7268242625293028,0.6721216163750962,0.7808447625135008,FALSE,2.157810407589137,0.0453879475985452,FALSE,1.1067311785246203,1,TRUE,0.026853171352555293,TRUE,FALSE
739138,436659,0.7000056797021588,0.6426253061797024,0.7566225753935529,FALSE,1.3014253771875623,1,TRUE,1.076751913099524,1,TRUE,0.0648518086810029,TRUE,FALSE
1503297,436665,0.9109724101799928,0.875706698238738,0.9459606092646312,FALSE,1.626467307481762,1,TRUE,1.0824725764314909,1,TRUE,0.021975161550405402,TRUE,FALSE
1124300,436677,0.09651681619356672,0.022170121309030528,0.1692489604278946,TRUE,1.3011045562990942,1,TRUE,1.084219586416662,1,TRUE,0.029591675858335262,TRUE,TRUE
1797513,437409,0.6354687932756868,0.5747510755094652,0.6951233945482945,FALSE,3.1652204409801312,2.197984972329086e-57,FALSE,1.1504631965834826,1,TRUE,0.02762564342113874,TRUE,FALSE
1503297,438409,0.3356993495518645,0.2852673673750927,0.38555761859160825,FALSE,1.1958958594194238,1,TRUE,1.0952220178179846,1,TRUE,0.0076658986891748665,TRUE,FALSE
739138,439727,1.0427431120163262,0.9240989631578739,1.158328690653765,FALSE,1.403466772131762,1,TRUE,1.1242365293351522,1,TRUE,0.0025586194113380385,TRUE,FALSE
1124300,440083,-0.08682955943660786,-0.1659969776946519,-0.009015976022021012,TRUE,1.4893354866286344,1,TRUE,1.1019593281735443,1,TRUE,0.013460630571545808,TRUE,TRUE
1503297,440374,0.6044790887787681,0.5168977890094006,0.6901376792878231,FALSE,1.3139178571370613,1,TRUE,1.1003825482317187,1,TRUE,0.0022295271794650954,TRUE,FALSE
1797513,440374,0.14106937344409193,-0.025203366933083754,0.2996284088409108,TRUE,1.8993329502006147,1,TRUE,1.1081495461332205,1,TRUE,0.0033034217254631166,TRUE,TRUE
1124300,440638,0.41113937128243283,0.32032248405429253,0.4996608850565979,FALSE,1.7865061046939068,1,TRUE,1.2119980950493017,1,TRUE,0.003456044093099353,TRUE,FALSE
1124300,440690,0.15066617238128827,0.00395912365590546,0.29178240326273874,TRUE,1.3664219647792342,1,TRUE,1.1026331174626933,1,TRUE,0.001737654568670294,TRUE,TRUE
1797513,440690,0.30145340407041404,0.0959793638492795,0.49510486872172976,TRUE,1.7862972468447478,1,TRUE,1.1091067713675276,1,TRUE,0.0029338988443806573,TRUE,TRUE
1124300,441788,0.02565551124443622,-0.06481077375623587,0.1137117858093519,TRUE,1.5381839082741087,1,TRUE,1.0889924755829261,1,TRUE,0.025288100873344304,TRUE,TRUE
1503297,441788,-0.13493035091884514,-0.17710201781983903,-0.09320327918923726,TRUE,1.2302261349523695,1,TRUE,1.0959363076092858,1,TRUE,0.015318519262837307,TRUE,TRUE
1797513,441788,0.012116199700434016,-0.0806502981789876,0.10227640515030029,TRUE,2.7645416380599284,8.432380823970872e-18,FALSE,1.1206893071255302,1,TRUE,0.0423879414811154,TRUE,FALSE
739138,441788,-0.17256307028309983,-0.24770623652150767,-0.09905240928420304,TRUE,1.4438691998953606,1,TRUE,1.0950727289321003,1,TRUE,0.026075950567893347,TRUE,TRUE
1124300,443767,0.23758244213768806,0.17029211604112385,0.303419541849371,TRUE,1.3514719634399222,1,TRUE,1.1073837899684342,1,TRUE,0.010633474407917697,TRUE,TRUE
1124300,72715,0.5094533994522956,0.4540966230399724,0.564482895785933,FALSE,1.4433634774460553,1,TRUE,1.1114350032605322,1,TRUE,0.022249422387230797,TRUE,FALSE
1797513,72715,0.1841562433835038,0.08793767134168505,0.2777007493872008,TRUE,1.3507784285156121,1,TRUE,1.112772555366407,1,TRUE,0.005626197423381828,TRUE,TRUE
739138,73008,-0.21803999038381694,-0.29504249038604563,-0.14266643720391098,TRUE,1.4828889613583907,1,TRUE,1.1015083565436705,1,TRUE,0.04624924771790326,TRUE,TRUE
1797513,73302,0.27371925045575235,0.20497771531204798,0.34109918484013807,TRUE,2.446091884728091,4.680719567879408e-10,FALSE,1.126489647734822,1,TRUE,0.014757361685611061,TRUE,FALSE
739138,75650,0.254233186070456,0.1885083477722173,0.31883416222421906,TRUE,1.0683423722043086,1,TRUE,1.0914429656060411,1,TRUE,0.019080505972545552,TRUE,TRUE
1124300,78804,0.08294950487273603,0.0038375020650575184,0.1602496397519701,TRUE,1.771954631448609,1,TRUE,1.1050446407084789,1,TRUE,0.008284187448268879,TRUE,TRUE
1503297,78804,0.22054616501396226,0.16101139388939253,0.27921027741988186,TRUE,1.5788924829025974,1,TRUE,1.108481169255296,1,TRUE,0.005682794193994464,TRUE,TRUE
1797513,78804,0.1245991547608482,0.0024546695936080217,0.24282636423320889,TRUE,2.070110236504257,0.2677219633372866,TRUE,1.1226816383509033,1,TRUE,0.004272784611600423,TRUE,TRUE
1124300,81250,0.18696843460387624,0.10908092111583441,0.2631553407211486,TRUE,1.1159220715095641,1,TRUE,1.0783115658854612,1,TRUE,0.003655509381093635,TRUE,TRUE
1797513,81250,0.5162838463194137,0.3459482630330811,0.6788981509817487,FALSE,1.0726740962174297,1,TRUE,1.0668879441136712,1,TRUE,0.001396993945466321,TRUE,FALSE
